Date,Open,High,Low,Close,Volume,Stock
2014-01-01,986.0,1005.0,980.3,992.45,97111.0,TATACOFFEE
2014-01-02,995.25,1012.4,981.0,982.6,102212.0,TATACOFFEE
2014-01-03,980.0,990.5,977.0,987.05,38562.0,TATACOFFEE
2014-01-06,990.0,994.7,982.0,984.8,28273.0,TATACOFFEE
2014-01-07,981.4,1030.0,981.4,1017.75,282737.0,TATACOFFEE
2014-01-08,1025.7,1043.0,1014.75,1028.85,264972.0,TATACOFFEE
2014-01-09,1034.0,1055.0,1016.2,1049.9,321774.0,TATACOFFEE
2014-01-10,1050.0,1090.9,1030.75,1046.75,404620.0,TATACOFFEE
2014-01-13,1051.95,1055.7,1012.1,1021.95,94166.0,TATACOFFEE
2014-01-14,1024.0,1037.7,1013.0,1017.65,73627.0,TATACOFFEE
2014-01-15,1016.25,1032.0,1016.0,1019.85,51543.0,TATACOFFEE
2014-01-16,1021.25,1024.65,990.2,993.8,52341.0,TATACOFFEE
2014-01-17,999.0,999.0,961.0,963.9,91620.0,TATACOFFEE
2014-01-20,965.0,974.25,956.1,969.95,87590.0,TATACOFFEE
2014-01-21,976.0,987.8,970.0,973.5,92679.0,TATACOFFEE
2014-01-22,984.0,989.95,945.1,951.1,229247.0,TATACOFFEE
2014-01-23,952.0,957.0,925.0,926.75,160071.0,TATACOFFEE
2014-01-24,927.7,930.9,909.0,911.8,97841.0,TATACOFFEE
2014-01-27,900.0,902.0,882.0,889.25,72130.0,TATACOFFEE
2014-01-28,882.15,903.5,882.15,891.6,55634.0,TATACOFFEE
2014-01-29,895.0,919.0,894.95,897.2,103360.0,TATACOFFEE
2014-01-30,887.95,892.0,870.05,879.75,83581.0,TATACOFFEE
2014-01-31,877.1,894.9,874.05,878.1,63844.0,TATACOFFEE
2014-02-03,873.0,891.8,873.0,877.35,64225.0,TATACOFFEE
2014-02-04,870.0,908.0,870.0,896.95,159868.0,TATACOFFEE
2014-02-05,902.0,926.15,893.95,898.0,177510.0,TATACOFFEE
2014-02-06,904.7,916.0,895.8,909.65,86089.0,TATACOFFEE
2014-02-07,915.0,928.0,910.0,914.1,118976.0,TATACOFFEE
2014-02-10,920.0,920.8,893.25,896.0,52464.0,TATACOFFEE
2014-02-11,895.05,918.9,895.05,907.7,102458.0,TATACOFFEE
2014-02-12,908.0,915.0,898.0,901.55,30267.0,TATACOFFEE
2014-02-13,907.4,907.4,878.2,880.65,58543.0,TATACOFFEE
2014-02-14,890.0,893.0,871.0,881.4,36834.0,TATACOFFEE
2014-02-17,887.65,887.65,872.5,874.45,37048.0,TATACOFFEE
2014-02-18,878.3,885.0,868.35,879.4,47448.0,TATACOFFEE
2014-02-19,884.4,915.0,884.4,904.55,154236.0,TATACOFFEE
2014-02-20,907.5,941.0,905.05,925.6,419363.0,TATACOFFEE
2014-02-21,934.0,947.2,910.5,915.6,136441.0,TATACOFFEE
2014-02-24,915.6,929.9,910.1,914.3,90816.0,TATACOFFEE
2014-02-25,921.45,930.0,907.0,909.3,79910.0,TATACOFFEE
2014-02-26,915.0,925.9,906.1,908.4,129078.0,TATACOFFEE
2014-02-28,915.75,923.0,906.2,909.75,91929.0,TATACOFFEE
2014-03-03,911.0,915.1,882.35,888.15,85531.0,TATACOFFEE
2014-03-04,894.7,933.9,894.6,913.35,360109.0,TATACOFFEE
2014-03-05,920.9,922.6,905.0,909.95,66123.0,TATACOFFEE
2014-03-06,916.9,928.0,910.35,914.95,112249.0,TATACOFFEE
2014-03-07,918.0,924.0,897.2,904.85,114281.0,TATACOFFEE
2014-03-10,908.0,924.0,901.2,905.1,157168.0,TATACOFFEE
2014-03-11,913.0,930.6,910.0,918.1,194409.0,TATACOFFEE
2014-03-12,921.85,977.0,921.85,953.75,811330.0,TATACOFFEE
2014-03-13,961.0,966.7,934.65,939.3,194560.0,TATACOFFEE
2014-03-14,937.0,938.9,923.0,930.7,91656.0,TATACOFFEE
2014-03-18,937.0,939.7,917.55,923.5,80751.0,TATACOFFEE
2014-03-19,929.9,947.0,922.5,933.1,113119.0,TATACOFFEE
2014-03-20,938.0,946.8,930.0,932.3,141060.0,TATACOFFEE
2014-03-21,932.05,944.9,932.05,935.55,59004.0,TATACOFFEE
2014-03-22,940.0,941.5,933.0,934.8,9995.0,TATACOFFEE
2014-03-24,935.0,945.0,935.0,942.0,92289.0,TATACOFFEE
2014-03-25,940.0,960.0,940.0,948.05,160653.0,TATACOFFEE
2014-03-26,949.0,956.0,918.0,927.7,112357.0,TATACOFFEE
2014-03-27,934.0,938.4,924.0,928.45,55950.0,TATACOFFEE
2014-03-28,930.5,952.0,924.0,941.85,112124.0,TATACOFFEE
2014-03-31,948.9,974.0,944.0,954.05,274206.0,TATACOFFEE
2014-04-01,958.0,1041.35,948.0,1029.25,878669.0,TATACOFFEE
2014-04-02,1038.5,1050.0,1010.05,1016.1,323743.0,TATACOFFEE
2014-04-03,1020.0,1040.0,1010.0,1018.9,186495.0,TATACOFFEE
2014-04-04,1026.0,1044.2,996.75,1003.3,196724.0,TATACOFFEE
2014-04-07,1010.85,1024.85,1000.0,1007.5,144849.0,TATACOFFEE
2014-04-09,1015.95,1075.0,1012.1,1049.5,396059.0,TATACOFFEE
2014-04-10,1055.0,1064.0,1029.0,1032.8,115232.0,TATACOFFEE
2014-04-11,1035.1,1052.8,1022.2,1032.45,105812.0,TATACOFFEE
2014-04-15,1039.65,1051.8,1020.1,1024.8,121632.0,TATACOFFEE
2014-04-16,1028.55,1032.65,1010.0,1012.65,78283.0,TATACOFFEE
2014-04-17,1017.95,1038.0,1002.5,1028.95,102274.0,TATACOFFEE
2014-04-21,1037.15,1047.9,1022.25,1026.1,125983.0,TATACOFFEE
2014-04-22,1020.15,1035.5,1016.5,1019.75,71543.0,TATACOFFEE
2014-04-23,1027.65,1048.8,1025.25,1038.75,119819.0,TATACOFFEE
2014-04-25,1044.0,1062.0,1038.35,1050.75,218320.0,TATACOFFEE
2014-04-28,1052.2,1057.25,1038.0,1041.4,87761.0,TATACOFFEE
2014-04-29,1041.4,1046.3,1021.0,1025.15,58434.0,TATACOFFEE
2014-04-30,1033.0,1039.95,986.0,1007.35,94789.0,TATACOFFEE
2014-05-02,1014.0,1022.0,1001.25,1017.0,49053.0,TATACOFFEE
2014-05-05,1020.0,1032.3,1011.05,1021.8,68711.0,TATACOFFEE
2014-05-06,1020.0,1041.0,1016.15,1023.55,53636.0,TATACOFFEE
2014-05-07,1021.25,1028.0,1007.0,1010.65,27481.0,TATACOFFEE
2014-05-08,1012.0,1019.0,996.25,1001.6,38016.0,TATACOFFEE
2014-05-09,995.65,1020.0,995.65,1017.1,38100.0,TATACOFFEE
2014-05-12,1010.5,1022.0,999.0,1004.7,47191.0,TATACOFFEE
2014-05-13,1013.9,1028.0,1011.1,1016.15,75595.0,TATACOFFEE
2014-05-14,990.0,997.0,948.85,963.35,235492.0,TATACOFFEE
2014-05-15,971.7,979.15,908.0,914.25,288996.0,TATACOFFEE
2014-05-16,920.9,936.95,901.2,905.85,147153.0,TATACOFFEE
2014-05-19,907.1,936.0,907.1,924.7,137760.0,TATACOFFEE
2014-05-20,930.0,969.0,926.0,955.05,220440.0,TATACOFFEE
2014-05-21,961.85,968.6,945.1,949.3,83790.0,TATACOFFEE
2014-05-22,945.15,962.0,939.8,945.0,75339.0,TATACOFFEE
2014-05-23,950.0,959.4,947.15,953.4,121613.0,TATACOFFEE
2014-05-26,962.45,963.85,920.0,928.25,138130.0,TATACOFFEE
2014-05-27,928.05,936.65,912.0,921.4,62035.0,TATACOFFEE
2014-05-28,916.0,929.0,916.0,920.95,55065.0,TATACOFFEE
2014-05-29,926.8,940.0,915.0,919.15,64114.0,TATACOFFEE
2014-05-30,924.1,928.7,908.0,910.95,79563.0,TATACOFFEE
2014-06-02,905.15,923.0,905.15,917.9,48421.0,TATACOFFEE
2014-06-03,925.0,942.5,918.25,928.8,99709.0,TATACOFFEE
2014-06-04,933.95,955.0,929.05,942.5,132531.0,TATACOFFEE
2014-06-05,944.0,977.0,944.0,966.35,302586.0,TATACOFFEE
2014-06-06,973.9,1009.0,966.35,1003.55,516500.0,TATACOFFEE
2014-06-09,1013.0,1038.8,1008.5,1019.1,338228.0,TATACOFFEE
2014-06-10,1022.0,1024.4,985.15,1002.8,162029.0,TATACOFFEE
2014-06-11,1005.9,1022.0,982.0,990.25,138749.0,TATACOFFEE
2014-06-12,990.0,1003.8,976.55,983.75,99318.0,TATACOFFEE
2014-06-13,990.8,993.0,952.0,956.25,120323.0,TATACOFFEE
2014-06-16,949.2,976.0,941.0,967.35,81389.0,TATACOFFEE
2014-06-17,969.7,994.0,966.0,978.4,90779.0,TATACOFFEE
2014-06-18,977.5,989.0,952.1,965.7,54072.0,TATACOFFEE
2014-06-19,967.9,979.7,957.0,970.15,70343.0,TATACOFFEE
2014-06-20,960.45,978.0,955.25,961.7,41121.0,TATACOFFEE
2014-06-23,955.2,977.95,955.2,960.05,51008.0,TATACOFFEE
2014-06-24,960.0,986.0,960.0,973.95,98290.0,TATACOFFEE
2014-06-25,979.0,991.8,969.05,973.7,82331.0,TATACOFFEE
2014-06-26,971.5,978.95,957.6,961.35,73795.0,TATACOFFEE
2014-06-27,968.75,987.0,960.1,974.25,91920.0,TATACOFFEE
2014-06-30,980.0,987.0,970.0,976.3,63663.0,TATACOFFEE
2014-07-01,980.0,997.85,976.1,984.6,161944.0,TATACOFFEE
2014-07-02,987.0,1002.7,987.0,992.7,115465.0,TATACOFFEE
2014-07-03,989.0,994.0,980.1,983.0,65832.0,TATACOFFEE
2014-07-04,984.0,990.0,972.95,980.9,44004.0,TATACOFFEE
2014-07-07,987.9,990.7,973.25,978.75,46271.0,TATACOFFEE
2014-07-08,979.0,985.45,944.6,950.0,49945.0,TATACOFFEE
2014-07-09,957.8,957.8,932.2,940.4,43408.0,TATACOFFEE
2014-07-10,941.0,954.0,925.0,941.45,65685.0,TATACOFFEE
2014-07-11,942.0,948.45,906.05,913.25,66416.0,TATACOFFEE
2014-07-14,920.0,932.5,912.0,926.2,42166.0,TATACOFFEE
2014-07-15,932.0,939.0,924.1,935.6,42786.0,TATACOFFEE
2014-07-16,931.5,949.0,931.5,945.1,34598.0,TATACOFFEE
2014-07-17,940.15,970.0,937.0,963.6,78413.0,TATACOFFEE
2014-07-18,959.75,983.0,952.15,965.5,103286.0,TATACOFFEE
2014-07-21,962.05,975.7,962.05,970.9,51793.0,TATACOFFEE
2014-07-22,975.45,991.3,932.2,951.75,348984.0,TATACOFFEE
2014-07-23,945.2,949.0,928.6,936.45,72748.0,TATACOFFEE
2014-07-24,942.5,945.0,930.6,933.45,41360.0,TATACOFFEE
2014-07-25,931.0,941.95,926.0,929.6,46787.0,TATACOFFEE
2014-07-28,929.0,934.9,922.2,924.6,28867.0,TATACOFFEE
2014-07-30,920.1,928.65,916.0,924.1,29168.0,TATACOFFEE
2014-07-31,924.1,941.0,920.0,928.1,38420.0,TATACOFFEE
2014-08-01,920.0,935.0,920.0,921.45,26472.0,TATACOFFEE
2014-08-04,929.0,929.4,920.65,923.65,20270.0,TATACOFFEE
2014-08-05,928.9,928.9,921.0,923.7,16686.0,TATACOFFEE
2014-08-06,921.65,932.0,921.0,925.3,31913.0,TATACOFFEE
2014-08-07,925.3,930.0,921.5,924.65,20997.0,TATACOFFEE
2014-08-08,921.0,922.05,906.1,911.3,41648.0,TATACOFFEE
2014-08-11,920.0,922.9,907.2,909.2,24981.0,TATACOFFEE
2014-08-12,915.0,915.8,908.0,911.05,25014.0,TATACOFFEE
2014-08-13,909.85,913.15,895.5,900.45,34046.0,TATACOFFEE
2014-08-14,902.0,902.0,890.0,895.55,42608.0,TATACOFFEE
2014-08-18,891.0,934.0,891.0,914.9,81261.0,TATACOFFEE
2014-08-19,919.9,920.95,908.1,911.8,42782.0,TATACOFFEE
2014-08-20,911.8,918.0,908.0,912.0,39311.0,TATACOFFEE
2014-08-21,910.25,934.0,910.25,915.35,118736.0,TATACOFFEE
2014-08-22,923.0,923.3,908.5,910.95,36438.0,TATACOFFEE
2014-08-25,910.15,923.9,905.85,909.55,89158.0,TATACOFFEE
2014-08-26,909.55,915.3,898.0,902.95,33301.0,TATACOFFEE
2014-08-27,910.0,913.05,897.25,903.3,40017.0,TATACOFFEE
2014-08-28,905.0,908.5,896.5,898.4,28703.0,TATACOFFEE
2014-09-01,905.9,905.9,896.5,898.65,40277.0,TATACOFFEE
2014-09-02,900.0,913.0,895.1,897.75,70827.0,TATACOFFEE
2014-09-03,902.0,902.0,893.0,896.9,42872.0,TATACOFFEE
2014-09-04,896.9,925.0,887.05,916.75,161848.0,TATACOFFEE
2014-09-05,918.6,929.7,909.05,917.4,99568.0,TATACOFFEE
2014-09-08,913.0,966.0,913.0,953.2,384585.0,TATACOFFEE
2014-09-09,959.35,975.0,936.1,964.7,314261.0,TATACOFFEE
2014-09-10,954.9,971.8,950.0,951.9,110615.0,TATACOFFEE
2014-09-11,953.0,977.0,945.25,959.25,230872.0,TATACOFFEE
2014-09-12,966.85,977.0,961.0,967.45,160898.0,TATACOFFEE
2014-09-15,969.0,999.0,968.0,979.85,374431.0,TATACOFFEE
2014-09-16,983.0,993.9,922.0,933.8,136427.0,TATACOFFEE
2014-09-17,943.75,954.0,926.0,946.15,110141.0,TATACOFFEE
2014-09-18,946.0,964.95,940.0,953.25,69579.0,TATACOFFEE
2014-09-19,958.9,998.0,958.0,970.25,331005.0,TATACOFFEE
2014-09-22,962.5,979.35,951.0,969.7,97045.0,TATACOFFEE
2014-09-23,966.0,979.0,940.15,944.65,76345.0,TATACOFFEE
2014-09-24,936.05,964.4,931.0,953.65,110958.0,TATACOFFEE
2014-09-25,948.3,962.35,916.55,920.0,75076.0,TATACOFFEE
2014-09-26,925.8,932.0,913.05,924.2,47632.0,TATACOFFEE
2014-09-29,929.25,934.7,915.45,920.25,40295.0,TATACOFFEE
2014-09-30,923.0,942.0,912.0,923.25,65828.0,TATACOFFEE
2014-10-01,924.0,929.8,915.0,917.05,46480.0,TATACOFFEE
2014-10-07,921.0,955.0,921.0,928.0,159187.0,TATACOFFEE
2014-10-08,930.0,943.0,921.0,927.4,56408.0,TATACOFFEE
2014-10-09,928.05,941.95,928.05,930.3,48220.0,TATACOFFEE
2014-10-10,930.0,936.45,920.0,921.95,40023.0,TATACOFFEE
2014-10-13,914.25,932.0,914.25,922.55,43291.0,TATACOFFEE
2014-10-14,917.35,928.95,917.35,921.3,30760.0,TATACOFFEE
2014-10-16,920.0,925.0,906.0,909.85,47244.0,TATACOFFEE
2014-10-17,909.85,916.35,908.15,910.25,22106.0,TATACOFFEE
2014-10-20,921.0,926.1,907.55,909.8,28496.0,TATACOFFEE
2014-10-21,915.0,954.9,907.9,942.0,445138.0,TATACOFFEE
2014-10-22,946.9,946.9,922.6,925.05,75287.0,TATACOFFEE
2014-10-23,930.9,935.05,926.0,931.55,16435.0,TATACOFFEE
2014-10-27,936.0,936.0,916.1,920.25,29657.0,TATACOFFEE
2014-10-28,912.0,927.9,911.0,916.8,36983.0,TATACOFFEE
2014-10-29,920.0,924.6,913.0,915.95,42475.0,TATACOFFEE
2014-10-30,917.0,922.85,911.0,917.25,53433.0,TATACOFFEE
2014-10-31,923.95,938.85,919.4,929.25,102274.0,TATACOFFEE
2014-11-03,925.0,939.0,925.0,927.4,48975.0,TATACOFFEE
2014-11-05,923.05,933.0,918.15,921.15,37698.0,TATACOFFEE
2014-11-07,923.8,923.95,913.2,917.2,46728.0,TATACOFFEE
2014-11-10,921.0,936.9,914.4,928.8,75585.0,TATACOFFEE
2014-11-11,930.0,933.0,917.5,920.1,31707.0,TATACOFFEE
2014-11-12,923.0,926.5,915.2,917.5,30480.0,TATACOFFEE
2014-11-13,919.45,949.85,916.2,927.5,147880.0,TATACOFFEE
2014-11-14,928.2,935.0,922.5,926.15,43310.0,TATACOFFEE
2014-11-17,927.0,984.0,923.0,969.75,767607.0,TATACOFFEE
2014-11-18,974.0,988.0,969.8,975.65,198358.0,TATACOFFEE
2014-11-19,976.2,987.0,954.6,959.4,125275.0,TATACOFFEE
2014-11-20,962.0,986.0,959.65,976.2,131214.0,TATACOFFEE
2014-11-21,980.0,983.35,956.95,962.9,90383.0,TATACOFFEE
2014-11-24,969.95,981.7,966.05,969.4,69873.0,TATACOFFEE
2014-11-25,978.0,1008.0,970.1,977.9,300934.0,TATACOFFEE
2014-11-26,995.0,1030.0,993.1,1009.7,809618.0,TATACOFFEE
2014-11-27,1012.5,1022.4,993.0,1009.6,205034.0,TATACOFFEE
2014-11-28,1014.0,1021.7,997.0,1004.15,167264.0,TATACOFFEE
2014-12-01,1005.0,1020.0,1002.0,1004.05,97442.0,TATACOFFEE
2014-12-02,1005.0,1005.0,990.0,1000.2,75076.0,TATACOFFEE
2014-12-03,1000.2,1024.9,1000.0,1014.5,155195.0,TATACOFFEE
2014-12-04,1014.5,1022.0,1001.7,1005.7,68111.0,TATACOFFEE
2014-12-05,1001.35,1027.0,1001.35,1010.05,100200.0,TATACOFFEE
2014-12-08,1005.0,1013.8,991.4,995.3,57165.0,TATACOFFEE
2014-12-09,993.0,1007.9,976.8,981.65,60718.0,TATACOFFEE
2014-12-10,984.8,993.6,979.0,982.3,37780.0,TATACOFFEE
2014-12-11,984.4,986.95,971.1,980.9,40567.0,TATACOFFEE
2014-12-12,980.1,1005.0,975.25,980.0,60783.0,TATACOFFEE
2014-12-15,972.6,981.9,970.15,974.0,29205.0,TATACOFFEE
2014-12-16,970.0,976.25,942.0,954.05,62031.0,TATACOFFEE
2014-12-17,946.2,952.95,930.0,932.7,57143.0,TATACOFFEE
2014-12-18,941.95,960.9,941.95,950.9,46945.0,TATACOFFEE
2014-12-19,969.0,973.8,955.65,959.35,55585.0,TATACOFFEE
2014-12-22,962.4,965.9,954.0,959.2,22702.0,TATACOFFEE
2014-12-23,963.7,964.9,948.0,949.95,36822.0,TATACOFFEE
2014-12-24,950.0,963.0,941.6,943.4,40223.0,TATACOFFEE
2014-12-26,944.95,950.0,936.0,939.25,30251.0,TATACOFFEE
2014-12-29,942.0,949.4,942.0,944.4,28421.0,TATACOFFEE
2014-12-30,947.4,949.85,942.0,946.5,21653.0,TATACOFFEE
2014-12-31,946.5,966.25,945.95,955.7,56489.0,TATACOFFEE
2015-01-01,954.0,963.75,936.0,957.9,28052.0,TATACOFFEE
2015-01-02,958.0,969.5,950.0,954.6,54029.0,TATACOFFEE
2015-01-05,952.0,963.05,945.55,948.6,31717.0,TATACOFFEE
2015-01-06,941.2,947.4,932.0,933.9,35174.0,TATACOFFEE
2015-01-07,932.2,943.85,923.0,926.85,34845.0,TATACOFFEE
2015-01-08,931.0,945.0,931.0,942.3,33289.0,TATACOFFEE
2015-01-09,946.0,962.0,936.0,946.0,73227.0,TATACOFFEE
2015-01-12,948.0,962.3,942.0,946.4,47643.0,TATACOFFEE
2015-01-13,948.0,960.0,941.2,948.55,86646.0,TATACOFFEE
2015-01-14,956.95,997.8,956.95,989.55,275800.0,TATACOFFEE
2015-01-15,1000.05,1008.45,987.0,992.95,139381.0,TATACOFFEE
2015-01-16,993.0,999.95,985.1,995.1,55268.0,TATACOFFEE
2015-01-19,999.0,1007.7,990.0,997.15,83632.0,TATACOFFEE
2015-01-20,999.0,1024.0,995.3,1009.75,176526.0,TATACOFFEE
2015-01-21,1013.7,1024.0,1005.1,1010.55,144506.0,TATACOFFEE
2015-01-22,1010.0,1038.4,1001.0,1004.9,276226.0,TATACOFFEE
2015-01-23,102.0,106.4,101.0,102.3,2645374.0,TATACOFFEE
2015-01-27,99.7,105.2,97.3,102.05,1362948.0,TATACOFFEE
2015-01-28,101.8,102.4,98.8,99.2,611728.0,TATACOFFEE
2015-01-29,98.5,100.0,97.1,98.75,508877.0,TATACOFFEE
2015-01-30,102.0,102.9,97.3,97.85,1003654.0,TATACOFFEE
2015-02-02,98.45,101.7,97.7,98.3,678413.0,TATACOFFEE
2015-02-03,98.5,100.75,96.0,96.3,626664.0,TATACOFFEE
2015-02-04,96.8,97.4,93.8,94.35,470592.0,TATACOFFEE
2015-02-05,94.75,96.0,91.75,92.55,466220.0,TATACOFFEE
2015-02-06,92.6,92.95,90.0,90.5,448588.0,TATACOFFEE
2015-02-09,90.25,90.25,86.9,87.25,431552.0,TATACOFFEE
2015-02-10,86.75,87.75,85.1,86.55,430458.0,TATACOFFEE
2015-02-11,88.0,89.0,87.5,88.3,319104.0,TATACOFFEE
2015-02-12,89.25,98.0,89.2,95.9,2037881.0,TATACOFFEE
2015-02-13,96.65,96.65,92.65,94.0,611912.0,TATACOFFEE
2015-02-16,94.5,94.9,92.3,92.75,384791.0,TATACOFFEE
2015-02-18,93.4,94.75,91.4,92.1,384060.0,TATACOFFEE
2015-02-19,92.5,93.25,91.25,92.6,213720.0,TATACOFFEE
2015-02-20,92.95,96.35,91.65,94.7,840997.0,TATACOFFEE
2015-02-23,96.0,98.95,95.05,95.45,838375.0,TATACOFFEE
2015-02-24,95.95,95.95,92.6,93.8,274095.0,TATACOFFEE
2015-02-25,95.05,96.7,92.15,92.85,489871.0,TATACOFFEE
2015-02-26,93.2,93.2,90.4,90.9,299218.0,TATACOFFEE
2015-02-27,92.2,95.4,92.0,94.75,1275425.0,TATACOFFEE
2015-02-28,95.9,95.9,93.65,94.1,364834.0,TATACOFFEE
2015-03-02,95.0,95.4,93.25,94.05,315700.0,TATACOFFEE
2015-03-03,94.5,103.0,93.15,101.65,4357041.0,TATACOFFEE
2015-03-04,102.05,102.9,95.2,96.2,1116849.0,TATACOFFEE
2015-03-05,96.8,102.4,95.25,98.75,1672059.0,TATACOFFEE
2015-03-09,97.8,100.5,96.25,98.15,1146278.0,TATACOFFEE
2015-03-10,98.4,99.45,96.0,96.95,579768.0,TATACOFFEE
2015-03-11,97.4,97.5,95.65,96.0,291214.0,TATACOFFEE
2015-03-12,97.1,98.95,96.5,97.65,567749.0,TATACOFFEE
2015-03-13,97.95,97.95,95.1,95.4,320008.0,TATACOFFEE
2015-03-16,96.0,96.5,94.3,94.8,312217.0,TATACOFFEE
2015-03-17,95.25,96.4,93.2,94.35,497861.0,TATACOFFEE
2015-03-18,94.9,95.4,93.5,93.95,271595.0,TATACOFFEE
2015-03-19,94.55,94.85,93.0,93.3,277780.0,TATACOFFEE
2015-03-20,93.25,93.4,91.0,91.3,250315.0,TATACOFFEE
2015-03-23,92.0,92.0,89.7,90.15,269884.0,TATACOFFEE
2015-03-24,90.3,92.9,89.0,92.15,447644.0,TATACOFFEE
2015-03-25,93.7,94.7,88.55,89.65,821784.0,TATACOFFEE
2015-03-26,90.1,91.45,88.6,89.55,546838.0,TATACOFFEE
2015-03-27,92.45,92.5,89.15,90.0,660182.0,TATACOFFEE
2015-03-30,91.5,92.5,90.55,90.95,566706.0,TATACOFFEE
2015-03-31,91.35,92.45,90.25,90.6,530388.0,TATACOFFEE
2015-04-01,90.5,94.0,90.35,93.0,852501.0,TATACOFFEE
2015-04-06,93.25,93.7,91.55,92.05,327253.0,TATACOFFEE
2015-04-07,92.45,93.5,91.45,92.1,385026.0,TATACOFFEE
2015-04-08,92.5,93.5,91.9,92.6,428976.0,TATACOFFEE
2015-04-09,92.95,95.0,92.3,93.15,662611.0,TATACOFFEE
2015-04-10,93.15,96.4,92.9,95.75,1170633.0,TATACOFFEE
2015-04-13,97.5,97.95,95.55,96.3,1068179.0,TATACOFFEE
2015-04-15,96.7,96.7,93.0,93.6,400245.0,TATACOFFEE
2015-04-16,93.8,94.0,92.8,93.25,239542.0,TATACOFFEE
2015-04-17,93.1,94.3,92.25,92.5,277457.0,TATACOFFEE
2015-04-20,92.0,93.0,89.65,90.45,293439.0,TATACOFFEE
2015-04-21,90.45,91.0,89.6,90.05,224410.0,TATACOFFEE
2015-04-22,90.5,91.2,88.5,89.6,291726.0,TATACOFFEE
2015-04-23,90.25,90.75,89.0,89.65,228376.0,TATACOFFEE
2015-04-24,89.95,89.95,87.9,88.1,206679.0,TATACOFFEE
2015-04-27,87.3,88.0,86.55,86.8,181030.0,TATACOFFEE
2015-04-28,86.5,88.75,85.9,87.85,200890.0,TATACOFFEE
2015-04-29,88.2,88.9,87.5,88.05,126906.0,TATACOFFEE
2015-04-30,88.05,89.0,86.9,87.85,174023.0,TATACOFFEE
2015-05-04,88.6,89.35,88.3,89.05,157873.0,TATACOFFEE
2015-05-05,89.7,91.0,89.05,89.45,342178.0,TATACOFFEE
2015-05-06,89.5,89.75,87.05,87.7,177096.0,TATACOFFEE
2015-05-07,87.5,87.65,86.0,86.65,215739.0,TATACOFFEE
2015-05-08,87.45,87.85,86.5,87.25,192594.0,TATACOFFEE
2015-05-11,87.7,88.9,87.05,87.6,160429.0,TATACOFFEE
2015-05-12,87.6,88.0,86.5,87.15,142567.0,TATACOFFEE
2015-05-13,87.9,91.0,87.0,88.6,231116.0,TATACOFFEE
2015-05-14,89.0,90.7,87.2,90.15,237833.0,TATACOFFEE
2015-05-15,90.5,91.9,90.05,90.4,395776.0,TATACOFFEE
2015-05-18,100.0,100.4,95.8,96.25,2711392.0,TATACOFFEE
2015-05-19,94.5,95.95,93.6,94.4,466202.0,TATACOFFEE
2015-05-20,94.0,95.2,92.15,92.75,385535.0,TATACOFFEE
2015-05-21,93.0,93.5,91.7,92.3,348803.0,TATACOFFEE
2015-05-22,94.2,94.2,90.4,90.85,443491.0,TATACOFFEE
2015-05-25,90.9,91.95,90.05,90.65,244281.0,TATACOFFEE
2015-05-26,90.7,93.0,89.5,89.85,382732.0,TATACOFFEE
2015-05-27,89.4,90.8,88.1,89.25,437346.0,TATACOFFEE
2015-05-28,89.3,90.45,88.75,89.55,203582.0,TATACOFFEE
2015-05-29,89.85,90.5,88.4,89.35,194771.0,TATACOFFEE
2015-06-01,89.95,90.4,88.75,89.5,231007.0,TATACOFFEE
2015-06-02,89.6,89.8,87.7,87.95,223973.0,TATACOFFEE
2015-06-03,88.0,88.0,84.9,85.8,299712.0,TATACOFFEE
2015-06-04,86.25,86.9,85.15,86.3,192015.0,TATACOFFEE
2015-06-05,87.3,87.3,85.5,86.45,175319.0,TATACOFFEE
2015-06-08,86.5,86.5,85.3,85.6,116062.0,TATACOFFEE
2015-06-09,85.05,86.5,84.9,85.65,205667.0,TATACOFFEE
2015-06-10,86.0,86.95,85.3,86.4,202213.0,TATACOFFEE
2015-06-11,87.85,87.85,85.1,85.35,187063.0,TATACOFFEE
2015-06-12,85.4,85.7,84.4,84.95,148312.0,TATACOFFEE
2015-06-15,85.1,86.4,84.8,85.4,135214.0,TATACOFFEE
2015-06-16,85.2,85.6,84.25,85.1,157792.0,TATACOFFEE
2015-06-17,85.6,86.8,84.85,86.1,361543.0,TATACOFFEE
2015-06-18,86.45,86.95,85.6,86.05,172619.0,TATACOFFEE
2015-06-19,86.25,91.9,85.85,89.65,1577445.0,TATACOFFEE
2015-06-22,90.45,91.3,88.5,88.7,509820.0,TATACOFFEE
2015-06-23,88.6,90.55,88.35,89.6,399172.0,TATACOFFEE
2015-06-24,89.95,90.35,88.1,88.4,361648.0,TATACOFFEE
2015-06-25,88.0,89.4,87.3,88.3,282214.0,TATACOFFEE
2015-06-26,88.0,88.75,85.75,88.0,407416.0,TATACOFFEE
2015-06-29,86.0,86.95,84.6,86.1,351934.0,TATACOFFEE
2015-06-30,87.6,88.95,87.5,87.95,537935.0,TATACOFFEE
2015-07-01,87.95,88.9,87.15,87.85,312412.0,TATACOFFEE
2015-07-02,88.1,90.0,86.9,87.8,508312.0,TATACOFFEE
2015-07-03,87.9,88.5,87.1,87.75,281266.0,TATACOFFEE
2015-07-06,87.5,89.75,87.1,89.2,825666.0,TATACOFFEE
2015-07-07,89.7,93.4,89.0,90.7,1512086.0,TATACOFFEE
2015-07-08,90.8,91.8,88.75,89.4,783712.0,TATACOFFEE
2015-07-09,89.85,90.3,89.1,89.5,351343.0,TATACOFFEE
2015-07-10,89.9,89.95,88.15,88.35,209453.0,TATACOFFEE
2015-07-13,88.4,89.9,88.15,89.35,278166.0,TATACOFFEE
2015-07-14,90.9,91.75,90.4,90.75,775922.0,TATACOFFEE
2015-07-15,91.25,91.9,90.0,90.2,371127.0,TATACOFFEE
2015-07-16,90.75,92.35,90.5,91.85,579035.0,TATACOFFEE
2015-07-17,91.25,92.45,90.5,91.8,428828.0,TATACOFFEE
2015-07-20,92.3,93.25,92.1,92.35,644232.0,TATACOFFEE
2015-07-21,90.2,90.35,87.75,88.1,574066.0,TATACOFFEE
2015-07-22,88.1,88.8,87.35,88.3,223743.0,TATACOFFEE
2015-07-23,88.65,91.25,88.15,88.7,478166.0,TATACOFFEE
2015-07-24,88.65,90.5,88.4,88.9,325136.0,TATACOFFEE
2015-07-27,88.5,88.7,87.0,87.2,177843.0,TATACOFFEE
2015-07-28,87.9,88.7,87.1,87.3,123965.0,TATACOFFEE
2015-07-29,87.9,87.9,86.4,86.55,167532.0,TATACOFFEE
2015-07-30,87.0,87.65,86.5,86.65,142860.0,TATACOFFEE
2015-07-31,87.0,88.8,86.7,87.55,245144.0,TATACOFFEE
2015-08-03,88.45,88.65,87.7,87.9,188266.0,TATACOFFEE
2015-08-04,88.25,96.35,87.9,94.1,2623437.0,TATACOFFEE
2015-08-05,94.4,96.35,91.95,93.5,1358827.0,TATACOFFEE
2015-08-06,93.7,96.6,92.05,93.05,851035.0,TATACOFFEE
2015-08-07,93.0,98.0,92.75,96.5,1510639.0,TATACOFFEE
2015-08-10,97.6,99.3,95.5,97.0,1377456.0,TATACOFFEE
2015-08-11,97.45,98.35,95.65,96.65,591458.0,TATACOFFEE
2015-08-12,96.35,97.3,94.2,95.25,445340.0,TATACOFFEE
2015-08-13,95.9,96.8,93.0,94.4,502332.0,TATACOFFEE
2015-08-14,94.55,96.1,93.6,94.35,354072.0,TATACOFFEE
2015-08-17,95.0,96.4,92.75,95.7,312971.0,TATACOFFEE
2015-08-18,103.0,107.4,101.3,102.1,6265913.0,TATACOFFEE
2015-08-19,102.0,102.9,96.8,100.05,2058251.0,TATACOFFEE
2015-08-20,99.0,99.4,97.0,97.55,525692.0,TATACOFFEE
2015-08-21,96.0,96.3,93.2,95.1,408410.0,TATACOFFEE
2015-08-24,92.4,92.8,87.5,88.6,559388.0,TATACOFFEE
2015-08-25,90.0,90.65,86.1,89.05,650963.0,TATACOFFEE
2015-08-26,88.5,89.85,87.5,88.85,220977.0,TATACOFFEE
2015-08-27,90.0,92.0,89.1,89.45,340694.0,TATACOFFEE
2015-08-28,90.9,91.85,89.1,89.7,307220.0,TATACOFFEE
2015-08-31,89.7,90.3,89.15,89.7,151434.0,TATACOFFEE
2015-09-01,89.35,89.8,88.0,88.9,201292.0,TATACOFFEE
2015-09-02,89.1,90.0,87.9,89.05,447121.0,TATACOFFEE
2015-09-03,89.2,91.2,89.0,90.8,204404.0,TATACOFFEE
2015-09-04,91.0,91.05,88.25,89.0,179983.0,TATACOFFEE
2015-09-07,89.0,89.95,88.0,88.95,235577.0,TATACOFFEE
2015-09-08,89.0,89.75,86.9,89.2,247536.0,TATACOFFEE
2015-09-09,90.5,93.95,89.45,92.6,363669.0,TATACOFFEE
2015-09-10,90.2,91.8,90.1,90.9,167959.0,TATACOFFEE
2015-09-11,91.8,91.95,90.1,90.85,160472.0,TATACOFFEE
2015-09-14,91.5,91.8,90.45,90.7,95640.0,TATACOFFEE
2015-09-15,90.5,90.8,89.75,90.25,104728.0,TATACOFFEE
2015-09-16,90.5,91.15,90.0,90.6,82603.0,TATACOFFEE
2015-09-18,91.0,91.7,90.6,90.9,305629.0,TATACOFFEE
2015-09-21,90.05,92.4,90.0,92.0,140500.0,TATACOFFEE
2015-09-22,94.2,96.0,92.2,93.15,540763.0,TATACOFFEE
2015-09-23,92.55,92.55,90.55,91.05,171341.0,TATACOFFEE
2015-09-24,90.55,92.7,90.55,91.15,168352.0,TATACOFFEE
2015-09-28,91.8,92.45,90.55,90.75,131961.0,TATACOFFEE
2015-09-29,90.0,91.7,89.85,91.15,117315.0,TATACOFFEE
2015-09-30,91.15,92.8,91.15,92.05,144537.0,TATACOFFEE
2015-10-01,92.75,92.75,91.4,92.25,124498.0,TATACOFFEE
2015-10-05,92.4,93.0,90.5,92.1,190248.0,TATACOFFEE
2015-10-06,92.5,94.4,91.8,92.15,256934.0,TATACOFFEE
2015-10-07,93.85,95.0,92.05,93.1,613715.0,TATACOFFEE
2015-10-08,93.0,93.95,92.15,92.35,292632.0,TATACOFFEE
2015-10-09,92.65,94.15,92.6,92.9,228285.0,TATACOFFEE
2015-10-12,93.35,93.55,91.65,92.0,202875.0,TATACOFFEE
2015-10-13,92.95,95.8,92.25,94.5,569305.0,TATACOFFEE
2015-10-14,95.8,98.4,94.6,95.05,1219908.0,TATACOFFEE
2015-10-15,95.25,95.6,92.6,93.3,263710.0,TATACOFFEE
2015-10-16,93.75,94.25,92.45,92.7,255477.0,TATACOFFEE
2015-10-19,94.0,95.4,92.75,93.0,740019.0,TATACOFFEE
2015-10-20,93.4,94.8,92.65,92.95,501043.0,TATACOFFEE
2015-10-21,93.4,94.55,92.0,92.6,563215.0,TATACOFFEE
2015-10-23,92.6,93.15,90.05,90.5,369458.0,TATACOFFEE
2015-10-26,90.8,91.3,89.0,89.15,276964.0,TATACOFFEE
2015-10-27,89.0,90.4,88.5,88.95,286067.0,TATACOFFEE
2015-10-28,88.95,90.0,88.35,88.6,178295.0,TATACOFFEE
2015-10-29,89.1,90.8,88.5,88.9,292881.0,TATACOFFEE
2015-10-30,88.3,89.45,88.0,88.25,122954.0,TATACOFFEE
2015-11-02,88.8,90.0,88.05,88.35,246143.0,TATACOFFEE
2015-11-03,88.7,89.4,88.3,88.5,132783.0,TATACOFFEE
2015-11-04,88.7,89.2,87.5,87.95,143079.0,TATACOFFEE
2015-11-05,88.0,88.1,86.5,87.2,182700.0,TATACOFFEE
2015-11-06,87.1,88.2,86.1,87.4,182754.0,TATACOFFEE
2015-11-09,86.5,87.45,83.55,86.7,185558.0,TATACOFFEE
2015-11-10,86.4,89.75,86.3,88.1,190042.0,TATACOFFEE
2015-11-11,90.1,93.0,90.1,91.55,290041.0,TATACOFFEE
2015-11-13,90.1,94.3,90.0,92.05,487642.0,TATACOFFEE
2015-11-16,91.0,92.0,89.75,90.05,240081.0,TATACOFFEE
2015-11-17,90.5,93.65,90.05,91.65,624288.0,TATACOFFEE
2015-11-18,91.8,93.6,91.25,91.8,344648.0,TATACOFFEE
2015-11-19,93.0,94.1,91.5,92.2,398007.0,TATACOFFEE
2015-11-20,92.5,94.7,91.65,92.05,714929.0,TATACOFFEE
2015-11-23,92.05,92.75,90.75,91.0,157612.0,TATACOFFEE
2015-11-24,91.05,91.4,89.1,89.7,205262.0,TATACOFFEE
2015-11-26,90.1,91.45,89.5,90.05,307010.0,TATACOFFEE
2015-11-27,90.25,90.65,89.45,89.6,206763.0,TATACOFFEE
2015-11-30,90.8,90.8,89.55,89.85,164825.0,TATACOFFEE
2015-12-01,90.3,91.0,90.0,90.45,228771.0,TATACOFFEE
2015-12-02,90.8,91.0,89.7,89.85,169617.0,TATACOFFEE
2015-12-03,90.0,90.4,88.85,89.1,191848.0,TATACOFFEE
2015-12-04,88.75,89.8,88.4,88.6,225203.0,TATACOFFEE
2015-12-07,89.0,89.3,88.1,88.55,129585.0,TATACOFFEE
2015-12-08,88.9,91.2,88.15,88.85,540878.0,TATACOFFEE
2015-12-09,88.75,90.15,86.7,86.95,211282.0,TATACOFFEE
2015-12-10,87.2,88.0,86.75,87.6,112003.0,TATACOFFEE
2015-12-11,87.5,88.95,86.25,88.45,223828.0,TATACOFFEE
2015-12-14,87.8,88.35,87.1,87.5,109881.0,TATACOFFEE
2015-12-15,87.5,88.9,87.5,88.1,117764.0,TATACOFFEE
2015-12-16,88.6,89.35,87.7,88.4,170290.0,TATACOFFEE
2015-12-17,88.9,90.5,88.5,89.45,213589.0,TATACOFFEE
2015-12-18,88.8,89.5,88.6,88.75,135641.0,TATACOFFEE
2015-12-21,88.75,89.35,88.3,88.6,137666.0,TATACOFFEE
2015-12-22,89.5,89.5,88.2,88.35,157899.0,TATACOFFEE
2015-12-23,88.6,89.75,88.5,89.4,175538.0,TATACOFFEE
2015-12-24,90.7,91.2,89.9,90.65,484949.0,TATACOFFEE
2015-12-28,91.5,93.95,90.8,93.65,1008841.0,TATACOFFEE
2015-12-29,93.7,98.65,92.6,96.5,1432363.0,TATACOFFEE
2015-12-30,96.25,100.25,94.65,97.3,1915633.0,TATACOFFEE
2015-12-31,97.3,99.1,96.0,97.65,627285.0,TATACOFFEE
2016-01-01,97.5,98.75,97.25,98.1,321168.0,TATACOFFEE
2016-01-04,97.8,97.8,95.1,95.6,303397.0,TATACOFFEE
2016-01-05,95.2,107.0,95.2,103.3,2711933.0,TATACOFFEE
2016-01-06,103.0,104.7,100.65,101.45,1408845.0,TATACOFFEE
2016-01-07,99.9,99.9,96.0,97.65,470847.0,TATACOFFEE
2016-01-08,98.15,111.7,96.3,109.1,4246278.0,TATACOFFEE
2016-01-11,106.45,113.8,104.7,108.6,3980169.0,TATACOFFEE
2016-01-12,109.2,110.65,103.2,105.15,1243227.0,TATACOFFEE
2016-01-13,106.3,107.75,95.35,99.3,1462933.0,TATACOFFEE
2016-01-14,96.8,102.55,95.25,98.6,1022570.0,TATACOFFEE
2016-01-15,99.6,102.3,94.3,95.1,790062.0,TATACOFFEE
2016-01-18,95.0,95.4,89.7,90.45,388798.0,TATACOFFEE
2016-01-19,91.1,93.45,89.25,92.15,405662.0,TATACOFFEE
2016-01-20,90.7,93.2,88.25,90.4,470183.0,TATACOFFEE
2016-01-21,91.8,93.0,90.4,91.3,294498.0,TATACOFFEE
2016-01-22,91.7,94.4,91.7,92.7,323389.0,TATACOFFEE
2016-01-25,93.15,98.35,93.15,96.5,595693.0,TATACOFFEE
2016-01-27,97.0,99.0,96.0,96.85,460328.0,TATACOFFEE
2016-01-28,100.8,101.8,96.65,97.15,767680.0,TATACOFFEE
2016-01-29,97.85,99.7,96.15,97.5,530234.0,TATACOFFEE
2016-02-01,97.85,99.0,96.6,97.5,273534.0,TATACOFFEE
2016-02-02,97.6,98.8,92.8,93.8,245497.0,TATACOFFEE
2016-02-03,92.8,95.8,91.85,93.25,456935.0,TATACOFFEE
2016-02-04,94.0,94.95,91.05,91.85,203193.0,TATACOFFEE
2016-02-05,92.1,94.0,91.7,93.0,247762.0,TATACOFFEE
2016-02-08,92.5,94.0,92.5,92.9,156718.0,TATACOFFEE
2016-02-09,92.25,92.8,91.3,91.7,130189.0,TATACOFFEE
2016-02-10,91.0,92.05,86.55,87.7,457094.0,TATACOFFEE
2016-02-11,87.65,87.7,84.2,84.9,338568.0,TATACOFFEE
2016-02-12,84.65,86.75,82.35,85.75,364119.0,TATACOFFEE
2016-02-15,86.5,89.4,86.5,87.5,185023.0,TATACOFFEE
2016-02-16,87.9,88.2,84.95,85.25,132149.0,TATACOFFEE
2016-02-17,85.25,85.25,81.3,83.55,263944.0,TATACOFFEE
2016-02-18,84.3,85.3,82.55,83.6,161616.0,TATACOFFEE
2016-02-19,84.0,88.45,83.9,87.55,606993.0,TATACOFFEE
2016-02-22,87.85,88.2,86.65,87.0,113909.0,TATACOFFEE
2016-02-23,87.0,87.4,85.15,85.75,99886.0,TATACOFFEE
2016-02-24,85.3,86.0,83.5,85.0,123848.0,TATACOFFEE
2016-02-25,85.25,86.0,84.1,84.65,116213.0,TATACOFFEE
2016-02-26,85.1,85.75,83.2,83.6,119122.0,TATACOFFEE
2016-02-29,83.6,85.3,82.6,83.45,141915.0,TATACOFFEE
2016-03-01,83.35,86.75,83.35,85.45,238428.0,TATACOFFEE
2016-03-02,86.4,88.0,86.0,87.0,146313.0,TATACOFFEE
2016-03-03,87.4,89.9,87.0,87.8,388715.0,TATACOFFEE
2016-03-04,87.6,89.3,87.05,88.2,250490.0,TATACOFFEE
2016-03-08,88.0,90.2,87.2,88.5,304536.0,TATACOFFEE
2016-03-09,88.35,88.95,87.55,88.5,144722.0,TATACOFFEE
2016-03-10,88.5,88.9,87.3,87.95,108905.0,TATACOFFEE
2016-03-11,88.0,91.8,87.55,90.45,669077.0,TATACOFFEE
2016-03-14,92.2,93.3,90.55,91.1,547691.0,TATACOFFEE
2016-03-15,91.0,91.75,89.1,89.7,193224.0,TATACOFFEE
2016-03-16,89.45,90.5,88.2,89.3,178799.0,TATACOFFEE
2016-03-17,89.95,91.25,88.3,88.85,233343.0,TATACOFFEE
2016-03-18,90.5,91.2,88.25,90.15,450578.0,TATACOFFEE
2016-03-21,90.0,90.9,89.4,90.35,206529.0,TATACOFFEE
2016-03-22,90.6,93.45,90.25,91.6,444634.0,TATACOFFEE
2016-03-23,91.2,92.95,90.2,90.65,290380.0,TATACOFFEE
2016-03-28,90.7,90.8,88.05,88.5,153522.0,TATACOFFEE
2016-03-29,88.1,89.55,87.4,87.7,252454.0,TATACOFFEE
2016-03-30,88.45,90.9,88.15,88.95,294380.0,TATACOFFEE
2016-03-31,90.5,90.9,89.2,89.6,385190.0,TATACOFFEE
2016-04-01,89.1,93.0,89.1,91.95,648660.0,TATACOFFEE
2016-04-04,92.05,95.6,91.1,94.95,1121738.0,TATACOFFEE
2016-04-05,94.45,95.8,91.0,91.8,650085.0,TATACOFFEE
2016-04-06,92.45,94.6,91.7,93.4,485587.0,TATACOFFEE
2016-04-07,93.9,93.9,91.0,91.55,304678.0,TATACOFFEE
2016-04-08,91.5,91.8,90.1,90.85,239972.0,TATACOFFEE
2016-04-11,90.9,91.5,90.15,90.65,329925.0,TATACOFFEE
2016-04-12,90.8,91.5,90.1,90.35,250864.0,TATACOFFEE
2016-04-13,91.05,91.75,90.35,90.75,335486.0,TATACOFFEE
2016-04-18,90.7,91.9,90.55,91.15,206010.0,TATACOFFEE
2016-04-20,91.3,92.9,91.0,92.2,428237.0,TATACOFFEE
2016-04-21,92.65,93.0,90.6,90.95,277094.0,TATACOFFEE
2016-04-22,91.0,92.9,90.45,91.65,540024.0,TATACOFFEE
2016-04-25,91.9,92.25,90.35,91.75,232979.0,TATACOFFEE
2016-04-26,93.0,93.4,92.2,92.75,535602.0,TATACOFFEE
2016-04-27,93.0,94.9,92.4,94.25,1083800.0,TATACOFFEE
2016-04-28,93.7,94.05,91.55,91.9,322349.0,TATACOFFEE
2016-04-29,92.2,92.4,90.1,91.2,205615.0,TATACOFFEE
2016-05-02,90.55,91.1,90.45,90.75,191752.0,TATACOFFEE
2016-05-03,91.8,92.9,90.85,91.15,472218.0,TATACOFFEE
2016-05-04,90.9,91.4,89.5,89.9,171708.0,TATACOFFEE
2016-05-05,89.8,90.5,89.4,89.95,241860.0,TATACOFFEE
2016-05-06,89.7,90.25,89.4,89.85,147564.0,TATACOFFEE
2016-05-09,91.15,91.7,90.2,91.3,328906.0,TATACOFFEE
2016-05-10,91.45,91.9,90.5,90.75,205662.0,TATACOFFEE
2016-05-11,89.8,91.0,89.4,90.3,126422.0,TATACOFFEE
2016-05-12,90.5,91.4,90.4,90.9,161885.0,TATACOFFEE
2016-05-13,90.65,91.8,90.25,91.35,256866.0,TATACOFFEE
2016-05-16,91.9,93.25,90.95,91.9,453662.0,TATACOFFEE
2016-05-17,90.05,90.5,88.6,88.9,692439.0,TATACOFFEE
2016-05-18,89.25,89.5,88.35,89.0,233844.0,TATACOFFEE
2016-05-19,89.0,89.4,88.0,88.1,133652.0,TATACOFFEE
2016-05-20,88.1,88.4,87.4,87.65,165678.0,TATACOFFEE
2016-05-23,88.0,88.4,86.75,87.05,152264.0,TATACOFFEE
2016-05-24,87.4,87.65,85.2,85.85,152948.0,TATACOFFEE
2016-05-25,86.85,87.35,85.95,86.95,191390.0,TATACOFFEE
2016-05-26,87.4,87.4,86.6,86.95,146932.0,TATACOFFEE
2016-05-27,86.7,88.5,86.7,87.8,195800.0,TATACOFFEE
2016-05-30,88.0,89.15,88.0,88.45,149093.0,TATACOFFEE
2016-05-31,88.9,89.5,87.0,87.7,202352.0,TATACOFFEE
2016-06-01,87.9,88.25,87.25,87.7,147719.0,TATACOFFEE
2016-06-02,87.7,87.85,87.05,87.4,143456.0,TATACOFFEE
2016-06-03,87.7,89.9,87.4,87.9,347555.0,TATACOFFEE
2016-06-06,88.65,88.65,87.5,87.75,125535.0,TATACOFFEE
2016-06-07,88.1,88.8,87.55,88.2,145675.0,TATACOFFEE
2016-06-08,88.3,90.8,87.95,90.05,628797.0,TATACOFFEE
2016-06-09,92.05,94.4,91.0,91.7,1188663.0,TATACOFFEE
2016-06-10,91.5,92.45,90.2,90.75,335175.0,TATACOFFEE
2016-06-13,90.05,105.4,89.65,101.8,8622085.0,TATACOFFEE
2016-06-14,102.3,104.7,99.25,100.15,3044227.0,TATACOFFEE
2016-06-15,100.6,103.2,99.3,99.95,1265327.0,TATACOFFEE
2016-06-16,100.25,102.5,98.5,99.95,1071274.0,TATACOFFEE
2016-06-17,100.5,106.4,100.3,102.5,2500785.0,TATACOFFEE
2016-06-20,101.4,103.5,99.85,100.45,1013730.0,TATACOFFEE
2016-06-21,101.4,101.9,98.1,98.45,1035355.0,TATACOFFEE
2016-06-22,98.9,109.7,98.2,107.55,10204679.0,TATACOFFEE
2016-06-23,105.9,106.4,102.05,102.65,1922503.0,TATACOFFEE
2016-06-24,97.75,100.0,95.7,98.8,1909254.0,TATACOFFEE
2016-06-27,99.0,105.45,98.95,103.95,2466958.0,TATACOFFEE
2016-06-28,103.95,107.5,103.5,104.35,1996685.0,TATACOFFEE
2016-06-29,105.5,108.5,104.95,105.6,1550922.0,TATACOFFEE
2016-06-30,106.6,108.25,105.25,105.75,996682.0,TATACOFFEE
2016-07-01,106.5,114.95,106.1,114.25,7488401.0,TATACOFFEE
2016-07-04,114.3,116.4,112.5,113.0,3058272.0,TATACOFFEE
2016-07-05,113.0,115.65,111.55,114.0,1897296.0,TATACOFFEE
2016-07-07,113.1,118.25,112.75,115.7,3235802.0,TATACOFFEE
2016-07-08,114.75,115.45,112.6,113.25,855605.0,TATACOFFEE
2016-07-11,114.4,116.7,113.5,114.05,2026205.0,TATACOFFEE
2016-07-12,114.85,116.75,113.8,114.35,2290675.0,TATACOFFEE
2016-07-13,114.8,116.7,114.05,115.15,1440970.0,TATACOFFEE
2016-07-14,115.55,119.45,115.15,117.55,2241043.0,TATACOFFEE
2016-07-15,118.4,119.9,116.3,117.2,952418.0,TATACOFFEE
2016-07-18,117.5,119.7,114.5,115.65,1488367.0,TATACOFFEE
2016-07-19,115.85,117.5,113.35,115.45,655241.0,TATACOFFEE
2016-07-20,115.35,117.5,115.15,116.05,847611.0,TATACOFFEE
2016-07-21,116.7,117.4,113.2,113.6,820947.0,TATACOFFEE
2016-07-22,114.05,114.9,111.75,112.4,614529.0,TATACOFFEE
2016-07-25,112.65,116.8,110.8,116.5,1445862.0,TATACOFFEE
2016-07-26,116.8,117.65,113.1,113.75,542594.0,TATACOFFEE
2016-07-27,113.75,121.4,112.5,117.9,2413380.0,TATACOFFEE
2016-07-28,118.9,123.8,117.15,121.85,2295229.0,TATACOFFEE
2016-07-29,122.0,123.5,119.1,119.7,1063329.0,TATACOFFEE
2016-08-01,119.9,122.1,117.25,118.9,758364.0,TATACOFFEE
2016-08-02,119.2,121.0,115.5,116.4,551867.0,TATACOFFEE
2016-08-03,116.7,116.9,112.5,113.35,469399.0,TATACOFFEE
2016-08-04,114.3,115.5,111.55,112.1,828748.0,TATACOFFEE
2016-08-05,113.0,116.0,111.8,115.45,1021808.0,TATACOFFEE
2016-08-08,125.2,131.3,124.5,126.65,6142439.0,TATACOFFEE
2016-08-09,126.5,127.65,123.5,124.2,1130441.0,TATACOFFEE
2016-08-10,124.45,126.0,120.9,121.7,829848.0,TATACOFFEE
2016-08-11,121.25,124.45,118.1,120.85,987577.0,TATACOFFEE
2016-08-12,121.6,125.8,121.2,122.4,841115.0,TATACOFFEE
2016-08-16,122.3,124.2,121.0,121.5,564928.0,TATACOFFEE
2016-08-17,121.35,123.95,121.35,122.3,497045.0,TATACOFFEE
2016-08-18,122.8,125.15,122.5,123.85,811613.0,TATACOFFEE
2016-08-19,124.1,132.5,121.75,130.35,2550943.0,TATACOFFEE
2016-08-22,129.8,130.0,126.55,127.6,910504.0,TATACOFFEE
2016-08-23,127.6,130.9,126.8,129.45,1283231.0,TATACOFFEE
2016-08-24,129.5,135.7,129.5,133.55,2504858.0,TATACOFFEE
2016-08-25,134.0,134.45,130.5,131.25,692564.0,TATACOFFEE
2016-08-26,131.35,131.95,127.2,127.8,625537.0,TATACOFFEE
2016-08-29,127.7,130.8,125.4,128.35,714496.0,TATACOFFEE
2016-08-30,128.5,131.25,128.5,129.75,681173.0,TATACOFFEE
2016-08-31,129.75,132.0,127.65,128.2,719795.0,TATACOFFEE
2016-09-01,128.2,130.5,126.15,126.8,591866.0,TATACOFFEE
2016-09-02,127.45,129.7,127.35,127.75,379730.0,TATACOFFEE
2016-09-06,128.35,129.5,127.25,128.1,466012.0,TATACOFFEE
2016-09-07,128.4,131.6,126.8,128.3,960978.0,TATACOFFEE
2016-09-08,128.7,129.7,126.85,127.3,486651.0,TATACOFFEE
2016-09-09,128.0,129.0,124.95,125.4,554017.0,TATACOFFEE
2016-09-12,122.0,124.3,119.55,120.35,633191.0,TATACOFFEE
2016-09-14,121.45,124.5,120.7,122.95,634723.0,TATACOFFEE
2016-09-15,123.0,124.75,122.4,123.7,463172.0,TATACOFFEE
2016-09-16,127.25,128.7,123.5,124.75,1501161.0,TATACOFFEE
2016-09-19,125.4,125.75,123.65,124.0,325188.0,TATACOFFEE
2016-09-20,124.95,125.9,123.65,124.1,375148.0,TATACOFFEE
2016-09-21,125.4,128.0,124.6,125.7,1028316.0,TATACOFFEE
2016-09-22,127.0,129.0,126.8,127.55,804763.0,TATACOFFEE
2016-09-23,128.0,131.0,126.85,127.4,1692586.0,TATACOFFEE
2016-09-26,127.0,128.0,124.6,125.65,829869.0,TATACOFFEE
2016-09-27,126.0,127.0,124.5,126.1,477045.0,TATACOFFEE
2016-09-28,127.0,131.4,126.4,129.35,1993424.0,TATACOFFEE
2016-09-29,130.05,131.2,118.1,121.8,1684326.0,TATACOFFEE
2016-09-30,121.8,125.1,121.3,123.3,505237.0,TATACOFFEE
2016-10-03,123.95,127.0,123.95,125.6,396764.0,TATACOFFEE
2016-10-04,126.5,126.55,124.4,125.25,367934.0,TATACOFFEE
2016-10-05,125.5,133.95,124.65,132.1,2857939.0,TATACOFFEE
2016-10-06,133.1,135.95,129.55,131.2,2133534.0,TATACOFFEE
2016-10-07,132.0,133.95,130.0,130.75,886786.0,TATACOFFEE
2016-10-10,131.55,132.75,131.0,131.75,486572.0,TATACOFFEE
2016-10-13,131.0,131.6,127.1,128.9,735321.0,TATACOFFEE
2016-10-14,129.5,138.5,127.5,137.4,3186844.0,TATACOFFEE
2016-10-17,138.5,143.0,136.55,142.0,4140612.0,TATACOFFEE
2016-10-18,142.75,145.0,142.55,144.15,2050032.0,TATACOFFEE
2016-10-19,145.0,147.75,144.0,146.6,2119283.0,TATACOFFEE
2016-10-20,149.6,150.0,140.1,141.55,2924846.0,TATACOFFEE
2016-10-21,141.5,142.15,136.65,137.2,1064408.0,TATACOFFEE
2016-10-24,137.0,138.4,134.55,134.9,963584.0,TATACOFFEE
2016-10-25,133.5,133.5,129.35,130.65,1212047.0,TATACOFFEE
2016-10-26,130.85,133.0,129.55,130.6,923381.0,TATACOFFEE
2016-10-27,128.0,128.7,124.7,126.2,1305482.0,TATACOFFEE
2016-10-28,126.95,129.35,126.6,128.15,581207.0,TATACOFFEE
2016-10-30,129.85,130.05,128.25,128.8,255291.0,TATACOFFEE
2016-11-01,129.0,131.6,127.1,129.5,630024.0,TATACOFFEE
2016-11-02,127.9,127.9,125.2,125.7,354893.0,TATACOFFEE
2016-11-03,125.1,128.2,123.0,124.85,753940.0,TATACOFFEE
2016-11-04,124.05,124.05,118.85,119.8,999756.0,TATACOFFEE
2016-11-07,121.0,123.95,120.5,122.55,396525.0,TATACOFFEE
2016-11-08,123.35,124.95,122.75,123.7,433668.0,TATACOFFEE
2016-11-09,110.4,121.65,108.25,119.75,673691.0,TATACOFFEE
2016-11-10,123.8,123.95,122.15,123.25,343774.0,TATACOFFEE
2016-11-11,122.0,122.0,116.1,117.35,470852.0,TATACOFFEE
2016-11-15,119.0,119.0,111.7,112.7,330110.0,TATACOFFEE
2016-11-16,117.2,118.0,113.0,113.65,443853.0,TATACOFFEE
2016-11-17,114.0,115.6,112.2,112.85,232101.0,TATACOFFEE
2016-11-18,114.85,114.85,112.55,113.15,251195.0,TATACOFFEE
2016-11-21,113.2,113.95,107.35,108.45,378939.0,TATACOFFEE
2016-11-22,108.8,110.5,107.1,108.25,314353.0,TATACOFFEE
2016-11-23,109.3,113.15,107.1,111.7,464359.0,TATACOFFEE
2016-11-24,111.5,114.65,109.9,112.85,277363.0,TATACOFFEE
2016-11-25,114.0,116.5,113.0,115.85,304631.0,TATACOFFEE
2016-11-28,114.7,117.8,114.5,116.25,228213.0,TATACOFFEE
2016-11-29,117.0,117.95,115.25,116.8,237060.0,TATACOFFEE
2016-11-30,117.0,118.1,115.6,116.45,258079.0,TATACOFFEE
2016-12-01,117.0,117.15,114.35,115.8,155137.0,TATACOFFEE
2016-12-02,115.8,115.8,113.25,114.15,139029.0,TATACOFFEE
2016-12-05,113.3,118.65,113.3,117.9,279001.0,TATACOFFEE
2016-12-06,117.9,120.8,116.7,119.55,592551.0,TATACOFFEE
2016-12-07,120.3,120.45,116.35,117.1,233125.0,TATACOFFEE
2016-12-08,118.2,120.4,117.5,117.9,251136.0,TATACOFFEE
2016-12-09,118.95,119.9,117.05,117.9,262907.0,TATACOFFEE
2016-12-12,118.25,118.45,115.5,116.25,154028.0,TATACOFFEE
2016-12-13,117.15,117.8,115.2,115.75,218490.0,TATACOFFEE
2016-12-14,116.9,116.9,112.2,113.45,186129.0,TATACOFFEE
2016-12-15,112.9,115.9,112.1,115.2,286140.0,TATACOFFEE
2016-12-16,115.2,115.75,114.3,115.15,131187.0,TATACOFFEE
2016-12-19,115.85,115.85,113.05,113.4,201815.0,TATACOFFEE
2016-12-20,115.15,117.2,114.45,116.3,473326.0,TATACOFFEE
2016-12-21,116.0,116.95,113.1,113.75,170802.0,TATACOFFEE
2016-12-22,114.0,114.0,111.3,112.05,143311.0,TATACOFFEE
2016-12-23,112.25,114.9,111.35,113.7,248565.0,TATACOFFEE
2016-12-26,113.9,113.9,108.4,109.75,305576.0,TATACOFFEE
2016-12-27,110.95,111.4,108.85,109.7,349060.0,TATACOFFEE
2016-12-28,110.0,112.4,110.0,111.25,194790.0,TATACOFFEE
2016-12-29,111.25,112.7,109.3,111.5,251466.0,TATACOFFEE
2016-12-30,111.5,114.1,111.5,113.4,282219.0,TATACOFFEE
2017-01-02,113.7,116.75,113.05,115.3,347665.0,TATACOFFEE
2017-01-03,115.5,118.0,115.3,116.9,284309.0,TATACOFFEE
2017-01-04,117.9,117.9,115.4,115.7,219355.0,TATACOFFEE
2017-01-05,116.05,117.5,114.8,115.0,460020.0,TATACOFFEE
2017-01-06,116.2,117.75,114.55,114.9,484216.0,TATACOFFEE
2017-01-09,115.4,115.7,113.5,113.9,244388.0,TATACOFFEE
2017-01-10,114.0,115.8,114.0,114.95,224893.0,TATACOFFEE
2017-01-11,115.9,116.35,114.5,115.15,470753.0,TATACOFFEE
2017-01-12,115.2,117.4,114.9,115.25,645468.0,TATACOFFEE
2017-01-13,117.9,123.9,117.3,122.3,2926292.0,TATACOFFEE
2017-01-16,122.5,124.5,120.4,121.35,852177.0,TATACOFFEE
2017-01-17,121.75,122.8,120.8,121.45,306218.0,TATACOFFEE
2017-01-18,122.4,124.8,122.2,123.65,1334949.0,TATACOFFEE
2017-01-19,123.45,124.5,122.55,123.4,428076.0,TATACOFFEE
2017-01-20,123.0,123.9,120.65,121.5,372680.0,TATACOFFEE
2017-01-23,121.75,125.7,121.75,123.8,543044.0,TATACOFFEE
2017-01-24,125.0,125.15,123.6,123.9,227315.0,TATACOFFEE
2017-01-25,124.0,127.1,124.0,125.75,782949.0,TATACOFFEE
2017-01-27,126.9,127.7,125.6,126.45,826615.0,TATACOFFEE
2017-01-30,124.8,126.8,121.15,124.9,813248.0,TATACOFFEE
2017-01-31,124.8,125.5,122.25,123.75,317842.0,TATACOFFEE
2017-02-01,123.65,124.4,121.5,122.75,255392.0,TATACOFFEE
2017-02-02,123.3,125.7,122.6,123.0,503274.0,TATACOFFEE
2017-02-03,123.0,126.25,122.6,124.95,579184.0,TATACOFFEE
2017-02-06,125.0,126.2,124.5,124.7,368171.0,TATACOFFEE
2017-02-07,124.95,126.45,122.3,123.7,272925.0,TATACOFFEE
2017-02-08,123.95,126.5,123.75,125.95,441672.0,TATACOFFEE
2017-02-09,125.95,129.4,125.8,128.65,899480.0,TATACOFFEE
2017-02-10,129.05,132.0,128.9,129.65,995320.0,TATACOFFEE
2017-02-13,129.95,130.75,126.5,127.5,311322.0,TATACOFFEE
2017-02-14,127.05,127.85,121.05,121.75,555826.0,TATACOFFEE
2017-02-15,121.1,122.5,115.85,117.5,679404.0,TATACOFFEE
2017-02-16,118.4,120.2,116.7,119.7,276742.0,TATACOFFEE
2017-02-17,120.0,122.5,120.0,121.4,298345.0,TATACOFFEE
2017-02-20,121.95,124.1,121.2,122.75,260248.0,TATACOFFEE
2017-02-21,122.7,124.4,122.25,122.75,172297.0,TATACOFFEE
2017-02-22,123.0,123.8,121.45,121.9,190919.0,TATACOFFEE
2017-02-23,122.2,122.6,120.2,120.6,182327.0,TATACOFFEE
2017-02-27,120.75,121.9,119.65,119.95,178419.0,TATACOFFEE
2017-02-28,120.0,123.5,119.85,122.65,399205.0,TATACOFFEE
2017-03-01,123.25,125.5,122.7,124.0,494909.0,TATACOFFEE
2017-03-02,125.0,127.0,121.5,122.1,483483.0,TATACOFFEE
2017-03-03,122.5,125.1,121.4,123.75,328941.0,TATACOFFEE
2017-03-06,123.8,125.25,123.55,124.9,274843.0,TATACOFFEE
2017-03-07,124.9,125.0,122.1,123.05,154612.0,TATACOFFEE
2017-03-08,123.05,123.75,121.7,122.1,149350.0,TATACOFFEE
2017-03-09,122.0,122.7,121.0,121.55,556144.0,TATACOFFEE
2017-03-10,122.9,122.9,120.2,120.75,149410.0,TATACOFFEE
2017-03-14,122.0,123.2,120.15,121.05,232652.0,TATACOFFEE
2017-03-15,121.65,122.5,120.0,120.35,287300.0,TATACOFFEE
2017-03-16,121.35,124.8,121.3,122.7,506241.0,TATACOFFEE
2017-03-17,123.0,123.8,122.4,123.05,220713.0,TATACOFFEE
2017-03-20,124.0,125.8,122.9,124.85,596141.0,TATACOFFEE
2017-03-21,124.95,126.5,123.7,124.3,323508.0,TATACOFFEE
2017-03-22,123.45,124.2,121.4,121.6,333153.0,TATACOFFEE
2017-03-23,121.6,126.3,121.6,124.85,731398.0,TATACOFFEE
2017-03-24,124.9,127.9,124.5,125.15,839605.0,TATACOFFEE
2017-03-27,125.6,132.2,124.0,127.4,1780337.0,TATACOFFEE
2017-03-28,128.5,129.6,126.1,126.8,525788.0,TATACOFFEE
2017-03-29,127.4,127.4,124.6,125.0,374301.0,TATACOFFEE
2017-03-30,125.25,126.7,124.15,125.2,394784.0,TATACOFFEE
2017-03-31,125.1,127.75,124.75,126.2,580099.0,TATACOFFEE
2017-04-03,127.3,127.5,125.55,126.55,371548.0,TATACOFFEE
2017-04-05,126.55,127.35,125.1,125.4,387392.0,TATACOFFEE
2017-04-06,125.5,129.5,125.5,127.15,935946.0,TATACOFFEE
2017-04-07,127.0,128.8,125.4,126.25,419721.0,TATACOFFEE
2017-04-10,126.3,127.25,125.5,126.0,280139.0,TATACOFFEE
2017-04-11,126.0,128.75,126.0,127.8,348625.0,TATACOFFEE
2017-04-12,130.5,130.5,126.0,126.25,237562.0,TATACOFFEE
2017-04-13,126.45,128.3,125.5,125.85,229556.0,TATACOFFEE
2017-04-17,126.9,126.9,124.7,124.95,178914.0,TATACOFFEE
2017-04-18,125.8,127.4,124.5,126.25,491710.0,TATACOFFEE
2017-04-19,125.5,128.0,125.35,126.9,246501.0,TATACOFFEE
2017-04-20,127.45,128.2,124.95,125.9,243134.0,TATACOFFEE
2017-04-21,126.3,127.0,124.3,124.65,242002.0,TATACOFFEE
2017-04-24,125.2,126.0,124.15,124.5,226502.0,TATACOFFEE
2017-04-25,125.0,125.8,123.5,124.1,267804.0,TATACOFFEE
2017-04-26,124.2,127.55,124.2,125.05,564810.0,TATACOFFEE
2017-04-27,125.25,125.5,123.8,124.15,173785.0,TATACOFFEE
2017-04-28,125.0,126.5,124.05,126.05,468397.0,TATACOFFEE
2017-05-02,126.45,129.4,125.0,127.25,666286.0,TATACOFFEE
2017-05-03,128.0,128.95,126.1,128.25,355044.0,TATACOFFEE
2017-05-04,128.55,129.9,125.9,126.15,290107.0,TATACOFFEE
2017-05-05,126.55,130.75,125.3,129.8,1329376.0,TATACOFFEE
2017-05-08,130.95,135.5,130.6,133.1,1382714.0,TATACOFFEE
2017-05-09,133.5,135.0,131.6,132.55,451981.0,TATACOFFEE
2017-05-10,133.45,133.7,131.25,131.9,267073.0,TATACOFFEE
2017-05-11,132.45,132.65,129.55,129.95,322719.0,TATACOFFEE
2017-05-12,130.4,130.85,126.15,129.1,481214.0,TATACOFFEE
2017-05-15,130.6,131.4,128.6,130.1,402308.0,TATACOFFEE
2017-05-16,130.75,132.0,129.05,131.05,309917.0,TATACOFFEE
2017-05-17,131.8,131.8,129.6,130.2,227521.0,TATACOFFEE
2017-05-18,129.2,132.25,128.9,130.3,493379.0,TATACOFFEE
2017-05-19,139.0,139.0,132.75,134.5,2114530.0,TATACOFFEE
2017-05-22,136.0,136.5,130.5,131.35,406490.0,TATACOFFEE
2017-05-23,132.3,132.3,126.5,128.8,448367.0,TATACOFFEE
2017-05-24,128.8,128.8,123.2,124.25,348121.0,TATACOFFEE
2017-05-25,124.4,127.3,124.4,126.75,232593.0,TATACOFFEE
2017-05-26,127.8,130.75,126.65,130.05,426150.0,TATACOFFEE
2017-05-29,130.8,130.8,126.05,126.85,172421.0,TATACOFFEE
2017-05-30,126.85,127.1,125.0,125.55,223989.0,TATACOFFEE
2017-05-31,125.8,128.4,125.8,126.9,165780.0,TATACOFFEE
2017-06-01,126.6,131.1,126.6,128.75,608911.0,TATACOFFEE
2017-06-02,128.85,131.2,128.85,129.5,337505.0,TATACOFFEE
2017-06-05,129.55,130.9,128.5,129.9,196618.0,TATACOFFEE
2017-06-06,129.05,130.1,127.2,127.65,127716.0,TATACOFFEE
2017-06-07,128.15,130.2,127.5,128.8,176433.0,TATACOFFEE
2017-06-08,128.9,129.35,127.5,127.85,88376.0,TATACOFFEE
2017-06-09,127.6,128.2,126.05,127.35,191040.0,TATACOFFEE
2017-06-12,126.9,129.4,126.2,126.75,171479.0,TATACOFFEE
2017-06-13,126.95,130.65,126.9,129.45,339638.0,TATACOFFEE
2017-06-14,129.3,136.75,128.3,135.1,1793182.0,TATACOFFEE
2017-06-15,135.9,137.4,133.1,134.45,1024936.0,TATACOFFEE
2017-06-16,134.5,137.4,133.65,134.2,423049.0,TATACOFFEE
2017-06-19,134.35,135.6,132.55,132.95,211743.0,TATACOFFEE
2017-06-20,133.35,134.3,130.85,131.1,225910.0,TATACOFFEE
2017-06-21,130.9,133.4,129.55,130.85,307935.0,TATACOFFEE
2017-06-22,131.25,132.1,129.0,129.45,187070.0,TATACOFFEE
2017-06-23,130.8,130.8,127.1,128.35,235741.0,TATACOFFEE
2017-06-27,127.7,129.45,126.1,127.6,195275.0,TATACOFFEE
2017-06-28,127.5,128.4,126.65,127.45,159173.0,TATACOFFEE
2017-06-29,127.95,129.45,127.7,128.55,157172.0,TATACOFFEE
2017-06-30,126.75,129.9,126.35,128.9,196649.0,TATACOFFEE
2017-07-03,129.2,134.25,128.5,133.45,547436.0,TATACOFFEE
2017-07-04,135.6,137.0,133.5,133.8,604970.0,TATACOFFEE
2017-07-05,137.0,145.0,135.25,141.25,2632199.0,TATACOFFEE
2017-07-06,142.0,144.3,139.5,140.15,605568.0,TATACOFFEE
2017-07-07,140.8,144.15,140.15,142.75,1155015.0,TATACOFFEE
2017-07-10,150.0,150.0,143.0,146.75,655185.0,TATACOFFEE
2017-07-11,147.45,150.5,144.45,145.5,1382726.0,TATACOFFEE
2017-07-12,146.0,147.05,143.1,145.05,1233373.0,TATACOFFEE
2017-07-13,146.25,146.35,143.25,144.4,554883.0,TATACOFFEE
2017-07-14,144.4,144.7,141.5,142.9,336805.0,TATACOFFEE
2017-07-17,143.5,145.9,142.0,143.1,655037.0,TATACOFFEE
2017-07-18,142.95,142.95,138.0,138.25,555827.0,TATACOFFEE
2017-07-19,138.95,142.35,138.3,141.3,558562.0,TATACOFFEE
2017-07-20,140.5,141.75,138.4,138.9,287174.0,TATACOFFEE
2017-07-21,138.95,139.9,137.2,138.55,229858.0,TATACOFFEE
2017-07-24,138.75,140.4,136.55,137.55,246164.0,TATACOFFEE
2017-07-25,137.9,139.15,136.55,137.25,263055.0,TATACOFFEE
2017-07-26,137.35,139.25,136.5,136.85,250950.0,TATACOFFEE
2017-07-27,137.25,138.5,130.9,132.7,756644.0,TATACOFFEE
2017-07-28,130.1,130.95,128.7,129.1,661351.0,TATACOFFEE
2017-07-31,129.85,130.3,128.75,129.2,354729.0,TATACOFFEE
2017-08-01,129.75,131.6,128.9,130.4,359404.0,TATACOFFEE
2017-08-02,130.8,131.15,127.85,128.4,234427.0,TATACOFFEE
2017-08-03,128.95,129.0,127.25,127.7,160351.0,TATACOFFEE
2017-08-04,128.35,128.35,126.9,127.15,197975.0,TATACOFFEE
2017-08-07,127.45,128.4,126.75,127.8,189260.0,TATACOFFEE
2017-08-08,128.1,128.1,125.55,126.0,126085.0,TATACOFFEE
2017-08-09,126.0,126.25,121.5,122.1,264086.0,TATACOFFEE
2017-08-10,121.75,122.95,119.0,119.7,302308.0,TATACOFFEE
2017-08-11,119.65,120.9,117.0,119.15,420755.0,TATACOFFEE
2017-08-14,120.6,127.0,120.6,125.85,424117.0,TATACOFFEE
2017-08-16,126.0,134.5,125.95,132.65,1791284.0,TATACOFFEE
2017-08-17,133.0,137.5,131.0,133.85,1164517.0,TATACOFFEE
2017-08-18,132.7,137.5,129.3,135.1,645153.0,TATACOFFEE
2017-08-21,136.7,142.1,136.0,137.35,1407541.0,TATACOFFEE
2017-08-22,138.75,139.9,132.05,132.9,483667.0,TATACOFFEE
2017-08-23,133.75,135.0,132.45,134.15,380574.0,TATACOFFEE
2017-08-24,134.2,134.45,131.5,132.05,244845.0,TATACOFFEE
2017-08-28,132.0,135.65,131.5,132.3,243151.0,TATACOFFEE
2017-08-29,131.6,134.5,130.7,132.55,280986.0,TATACOFFEE
2017-08-30,132.85,136.45,131.95,135.8,527978.0,TATACOFFEE
2017-08-31,136.1,139.8,136.0,138.05,464052.0,TATACOFFEE
2017-09-01,137.8,140.75,137.5,139.8,509968.0,TATACOFFEE
2017-09-04,139.0,141.4,137.65,140.7,427257.0,TATACOFFEE
2017-09-05,141.0,145.6,140.4,144.2,987796.0,TATACOFFEE
2017-09-06,144.0,154.0,142.4,151.6,1964567.0,TATACOFFEE
2017-09-07,153.85,155.0,147.5,148.65,1079724.0,TATACOFFEE
2017-09-08,149.0,153.3,146.55,147.75,702898.0,TATACOFFEE
2017-09-11,148.75,152.65,148.0,150.05,2062790.0,TATACOFFEE
2017-09-12,170.0,174.9,162.2,163.4,7483674.0,TATACOFFEE
2017-09-13,164.65,165.5,157.0,157.9,1321549.0,TATACOFFEE
2017-09-14,158.7,164.5,155.1,162.6,1540756.0,TATACOFFEE
2017-09-15,162.2,164.4,157.2,161.15,1403173.0,TATACOFFEE
2017-09-18,162.55,163.7,160.0,161.15,1124997.0,TATACOFFEE
2017-09-19,162.25,163.0,159.5,160.65,1192953.0,TATACOFFEE
2017-09-20,161.65,161.65,156.8,157.45,522704.0,TATACOFFEE
2017-09-21,158.0,160.5,155.25,157.55,613475.0,TATACOFFEE
2017-09-22,156.0,157.35,150.5,151.45,593012.0,TATACOFFEE
2017-09-25,152.3,152.3,143.4,146.85,654115.0,TATACOFFEE
2017-09-26,146.8,153.9,146.8,152.45,834081.0,TATACOFFEE
2017-09-27,154.35,154.35,146.8,148.05,390053.0,TATACOFFEE
2017-09-28,148.45,150.9,146.3,148.4,352967.0,TATACOFFEE
2017-09-29,149.0,154.65,148.15,151.75,462801.0,TATACOFFEE
2017-10-03,154.0,154.4,150.2,151.35,241906.0,TATACOFFEE
2017-10-04,150.2,152.3,149.5,150.2,263824.0,TATACOFFEE
2017-10-05,150.2,155.6,150.2,153.25,577592.0,TATACOFFEE
2017-10-06,153.95,159.4,153.55,158.15,873946.0,TATACOFFEE
2017-10-09,159.0,160.35,155.75,156.65,602773.0,TATACOFFEE
2017-10-10,157.2,158.5,155.0,155.3,414059.0,TATACOFFEE
2017-10-11,155.6,160.6,153.9,155.5,616907.0,TATACOFFEE
2017-10-12,156.0,158.0,154.1,154.9,257640.0,TATACOFFEE
2017-10-13,155.45,159.25,154.65,155.25,529156.0,TATACOFFEE
2017-10-16,156.7,156.7,153.25,154.0,329374.0,TATACOFFEE
2017-10-17,154.6,156.15,153.0,153.5,268814.0,TATACOFFEE
2017-10-18,153.7,154.5,152.1,152.8,200539.0,TATACOFFEE
2017-10-19,153.4,155.2,152.0,152.85,118050.0,TATACOFFEE
2017-10-23,153.45,153.8,148.85,149.95,322769.0,TATACOFFEE
2017-10-24,150.1,153.0,150.0,150.85,327197.0,TATACOFFEE
2017-10-25,151.95,152.5,149.15,149.65,266730.0,TATACOFFEE
2017-10-26,149.65,152.95,149.25,150.75,321985.0,TATACOFFEE
2017-10-27,150.85,157.4,150.6,156.8,759855.0,TATACOFFEE
2017-10-30,158.3,164.3,156.65,160.2,1483108.0,TATACOFFEE
2017-10-31,161.0,165.7,157.45,162.4,1392302.0,TATACOFFEE
2017-11-01,162.7,165.0,161.0,162.2,590411.0,TATACOFFEE
2017-11-02,162.2,165.5,159.7,160.8,901078.0,TATACOFFEE
2017-11-03,161.25,162.9,158.1,159.2,317159.0,TATACOFFEE
2017-11-06,158.25,163.0,158.25,159.35,614971.0,TATACOFFEE
2017-11-07,160.5,162.85,155.1,157.0,578875.0,TATACOFFEE
2017-11-08,153.0,153.05,147.1,147.8,976406.0,TATACOFFEE
2017-11-09,148.0,151.3,145.25,147.65,670934.0,TATACOFFEE
2017-11-10,147.0,150.65,145.25,146.65,493980.0,TATACOFFEE
2017-11-13,147.0,147.6,142.85,143.6,377415.0,TATACOFFEE
2017-11-14,143.5,144.8,141.25,143.6,502533.0,TATACOFFEE
2017-11-15,143.0,146.4,140.6,141.6,564958.0,TATACOFFEE
2017-11-16,142.0,146.75,142.0,145.1,586647.0,TATACOFFEE
2017-11-17,146.0,148.45,144.6,147.15,538281.0,TATACOFFEE
2017-11-20,148.0,155.0,146.15,154.05,1247550.0,TATACOFFEE
2017-11-21,155.5,166.4,155.2,161.1,3449218.0,TATACOFFEE
2017-11-22,161.5,162.25,156.65,160.0,911172.0,TATACOFFEE
2017-11-23,160.05,162.3,157.3,158.75,809079.0,TATACOFFEE
2017-11-24,160.0,161.5,158.8,159.35,455619.0,TATACOFFEE
2017-11-27,159.75,163.0,158.0,161.65,582319.0,TATACOFFEE
2017-11-28,162.45,177.3,161.7,175.65,12103850.0,TATACOFFEE
2017-11-29,177.7,183.5,170.1,171.2,13773672.0,TATACOFFEE
2017-11-30,168.0,178.45,167.5,174.3,5383372.0,TATACOFFEE
2017-12-01,175.2,180.55,168.8,171.25,3315339.0,TATACOFFEE
2017-12-04,172.5,172.8,163.6,164.2,1610023.0,TATACOFFEE
2017-12-05,164.5,164.7,158.4,160.05,1606037.0,TATACOFFEE
2017-12-06,159.0,164.8,158.0,160.05,1395646.0,TATACOFFEE
2017-12-07,161.5,165.85,160.4,163.6,1145922.0,TATACOFFEE
2017-12-08,164.4,165.9,161.1,161.9,1096231.0,TATACOFFEE
2017-12-11,162.8,166.9,160.5,165.3,1675552.0,TATACOFFEE
2017-12-12,165.5,165.85,160.9,161.5,626646.0,TATACOFFEE
2017-12-13,161.5,164.6,158.4,158.9,895401.0,TATACOFFEE
2017-12-14,159.95,160.45,153.7,157.2,731997.0,TATACOFFEE
2017-12-15,159.6,161.65,158.15,159.55,606728.0,TATACOFFEE
2017-12-18,159.95,162.8,152.6,159.6,727178.0,TATACOFFEE
2017-12-19,160.15,163.0,160.15,161.85,864919.0,TATACOFFEE
2017-12-20,161.95,168.7,161.95,164.95,1960249.0,TATACOFFEE
2017-12-21,165.8,166.0,163.0,163.75,481400.0,TATACOFFEE
2017-12-22,164.1,167.9,162.9,164.6,759388.0,TATACOFFEE
2017-12-26,164.2,168.9,164.1,166.95,958224.0,TATACOFFEE
2017-12-27,167.8,170.5,164.15,165.75,1269241.0,TATACOFFEE
2017-12-28,165.65,166.95,164.0,164.45,449294.0,TATACOFFEE
2017-12-29,165.0,169.35,162.1,166.95,1074054.0,TATACOFFEE
2018-01-01,167.0,168.4,163.6,164.7,506856.0,TATACOFFEE
2018-01-02,164.95,168.1,163.1,165.0,709478.0,TATACOFFEE
2018-01-03,165.95,168.05,165.3,165.7,519006.0,TATACOFFEE
2018-01-04,166.0,167.8,164.6,166.0,509983.0,TATACOFFEE
2018-01-05,166.6,171.0,166.6,167.7,1379031.0,TATACOFFEE
2018-01-08,168.45,169.75,166.5,167.55,679041.0,TATACOFFEE
2018-01-09,168.0,173.4,165.25,170.0,2150413.0,TATACOFFEE
2018-01-10,170.05,172.5,167.25,168.85,1353300.0,TATACOFFEE
2018-01-11,169.1,172.8,168.2,169.15,1127350.0,TATACOFFEE
2018-01-12,170.2,172.85,167.1,169.7,1272138.0,TATACOFFEE
2018-01-15,170.3,171.3,168.2,168.5,464059.0,TATACOFFEE
2018-01-16,168.5,169.0,161.5,162.6,700086.0,TATACOFFEE
2018-01-17,163.0,163.0,158.25,159.7,905470.0,TATACOFFEE
2018-01-18,160.25,162.95,154.1,156.4,774435.0,TATACOFFEE
2018-01-19,156.95,160.5,156.2,159.9,633628.0,TATACOFFEE
2018-01-22,160.0,162.95,159.55,160.75,698033.0,TATACOFFEE
2018-01-23,162.0,162.0,157.4,158.55,525620.0,TATACOFFEE
2018-01-24,158.7,160.35,157.4,157.85,379578.0,TATACOFFEE
2018-01-25,158.5,162.0,156.2,158.05,612084.0,TATACOFFEE
2018-01-29,157.0,158.0,149.6,150.5,967328.0,TATACOFFEE
2018-01-30,152.0,152.2,144.8,145.5,862024.0,TATACOFFEE
2018-01-31,146.45,147.35,142.55,142.95,715588.0,TATACOFFEE
2018-02-01,143.05,147.35,137.75,145.35,794802.0,TATACOFFEE
2018-02-02,143.8,143.9,136.05,138.85,716561.0,TATACOFFEE
2018-02-05,135.0,137.8,132.75,135.6,616174.0,TATACOFFEE
2018-02-06,131.9,133.8,124.5,132.7,886012.0,TATACOFFEE
2018-02-07,134.65,138.5,134.65,136.8,535225.0,TATACOFFEE
2018-02-08,137.2,142.7,136.5,140.45,665495.0,TATACOFFEE
2018-02-09,137.0,140.5,137.0,138.8,432595.0,TATACOFFEE
2018-02-12,140.45,143.8,140.0,142.5,335603.0,TATACOFFEE
2018-02-14,143.85,145.0,141.0,141.2,374572.0,TATACOFFEE
2018-02-15,142.9,144.15,138.95,139.5,216339.0,TATACOFFEE
2018-02-16,140.45,141.2,137.15,137.9,237694.0,TATACOFFEE
2018-02-19,137.9,138.1,134.0,134.8,283983.0,TATACOFFEE
2018-02-20,134.8,136.4,133.3,134.0,233092.0,TATACOFFEE
2018-02-21,134.6,135.2,132.0,132.8,268829.0,TATACOFFEE
2018-02-22,131.8,134.3,131.55,133.0,248064.0,TATACOFFEE
2018-02-23,133.95,136.0,133.2,135.35,328950.0,TATACOFFEE
2018-02-26,135.9,136.8,131.25,132.15,605225.0,TATACOFFEE
2018-02-27,133.1,134.75,132.2,132.95,293436.0,TATACOFFEE
2018-02-28,132.0,133.15,131.55,131.9,209797.0,TATACOFFEE
2018-03-01,132.2,133.1,131.0,131.35,234829.0,TATACOFFEE
2018-03-05,130.5,131.4,128.0,128.6,248776.0,TATACOFFEE
2018-03-06,129.05,130.35,124.1,125.05,473903.0,TATACOFFEE
2018-03-07,125.0,125.35,123.0,124.15,282199.0,TATACOFFEE
2018-03-08,124.6,125.6,122.0,123.85,293549.0,TATACOFFEE
2018-03-09,124.1,127.0,122.0,122.4,383982.0,TATACOFFEE
2018-03-12,123.55,124.0,120.05,121.55,327414.0,TATACOFFEE
2018-03-13,121.75,124.0,121.15,122.4,387889.0,TATACOFFEE
2018-03-14,121.6,126.0,121.5,124.25,575918.0,TATACOFFEE
2018-03-15,123.5,124.9,121.5,121.75,1279780.0,TATACOFFEE
2018-03-16,122.3,123.65,121.25,121.95,560671.0,TATACOFFEE
2018-03-19,122.0,122.4,118.0,118.65,396752.0,TATACOFFEE
2018-03-20,118.45,119.7,117.9,118.4,270578.0,TATACOFFEE
2018-03-21,121.5,121.5,117.3,118.0,346897.0,TATACOFFEE
2018-03-22,118.1,119.0,116.2,116.9,422795.0,TATACOFFEE
2018-03-23,114.0,116.8,113.55,114.95,417339.0,TATACOFFEE
2018-03-26,114.75,114.9,112.0,112.8,744131.0,TATACOFFEE
2018-03-27,113.8,116.7,113.45,113.85,597937.0,TATACOFFEE
2018-03-28,113.95,114.8,112.6,113.0,537818.0,TATACOFFEE
2018-04-02,114.0,122.35,113.2,121.4,2127529.0,TATACOFFEE
2018-04-03,121.25,122.9,119.15,122.35,477197.0,TATACOFFEE
2018-04-04,122.6,127.5,122.1,123.1,743103.0,TATACOFFEE
2018-04-05,124.5,126.35,124.05,125.15,353927.0,TATACOFFEE
2018-04-06,125.35,126.3,124.5,125.85,264528.0,TATACOFFEE
2018-04-09,125.85,128.0,125.65,126.45,347734.0,TATACOFFEE
2018-04-10,127.8,128.0,125.9,127.35,248941.0,TATACOFFEE
2018-04-11,127.15,127.6,123.85,125.6,305277.0,TATACOFFEE
2018-04-12,125.05,129.25,124.85,127.6,794510.0,TATACOFFEE
2018-04-13,127.65,128.9,126.2,126.9,323372.0,TATACOFFEE
2018-04-16,125.5,126.8,125.0,126.05,385684.0,TATACOFFEE
2018-04-17,126.4,131.4,126.25,130.15,1484471.0,TATACOFFEE
2018-04-18,131.0,134.7,129.1,130.8,1326152.0,TATACOFFEE
2018-04-19,131.8,132.45,129.4,131.9,451997.0,TATACOFFEE
2018-04-20,131.4,134.0,130.1,132.8,560953.0,TATACOFFEE
2018-04-23,132.65,133.25,130.0,130.6,377556.0,TATACOFFEE
2018-04-24,130.3,132.5,130.0,130.55,370651.0,TATACOFFEE
2018-04-25,130.1,135.5,129.8,132.6,776730.0,TATACOFFEE
2018-04-26,133.3,134.6,131.0,132.7,373530.0,TATACOFFEE
2018-04-27,133.35,133.7,131.2,132.0,297293.0,TATACOFFEE
2018-04-30,132.0,137.45,131.8,135.85,603561.0,TATACOFFEE
2018-05-02,135.6,136.9,131.55,132.65,545070.0,TATACOFFEE
2018-05-03,132.05,133.95,130.05,131.6,352370.0,TATACOFFEE
2018-05-04,130.85,132.8,130.2,132.15,314777.0,TATACOFFEE
2018-05-07,133.0,135.0,131.1,133.3,469965.0,TATACOFFEE
2018-05-08,127.95,128.0,123.25,123.95,1573599.0,TATACOFFEE
2018-05-09,123.0,125.8,122.55,123.95,328904.0,TATACOFFEE
2018-05-10,125.0,125.0,120.2,120.9,371854.0,TATACOFFEE
2018-05-11,121.65,123.0,120.0,120.4,288738.0,TATACOFFEE
2018-05-14,121.0,121.45,118.05,119.3,359762.0,TATACOFFEE
2018-05-15,118.8,119.6,115.0,115.7,324718.0,TATACOFFEE
2018-05-16,115.7,116.2,114.1,115.2,288133.0,TATACOFFEE
2018-05-17,116.0,116.9,114.75,115.35,212884.0,TATACOFFEE
2018-05-18,116.0,116.0,113.4,113.85,271240.0,TATACOFFEE
2018-05-21,115.0,115.0,110.1,110.7,264904.0,TATACOFFEE
2018-05-22,110.65,112.0,109.15,110.9,363928.0,TATACOFFEE
2018-05-23,110.45,113.4,110.2,111.65,255233.0,TATACOFFEE
2018-05-24,112.2,112.2,109.8,110.6,233731.0,TATACOFFEE
2018-05-25,110.3,114.9,110.05,113.75,285187.0,TATACOFFEE
2018-05-28,113.75,117.7,112.85,116.9,314691.0,TATACOFFEE
2018-05-29,117.0,118.2,113.8,116.45,354458.0,TATACOFFEE
2018-05-30,115.7,117.0,114.55,116.0,203704.0,TATACOFFEE
2018-05-31,116.8,119.5,115.5,117.6,421660.0,TATACOFFEE
2018-06-01,118.95,119.5,114.7,115.85,365864.0,TATACOFFEE
2018-06-04,116.2,116.8,114.0,115.0,252629.0,TATACOFFEE
2018-06-05,115.2,115.8,110.8,114.2,304384.0,TATACOFFEE
2018-06-06,113.8,116.35,112.6,116.0,247047.0,TATACOFFEE
2018-06-07,116.45,118.2,115.55,117.25,317877.0,TATACOFFEE
2018-06-08,116.9,122.0,115.7,119.6,724090.0,TATACOFFEE
2018-06-11,118.7,123.95,118.7,123.1,733478.0,TATACOFFEE
2018-06-12,124.3,127.0,122.5,123.1,496723.0,TATACOFFEE
2018-06-13,122.9,123.65,119.1,119.35,671883.0,TATACOFFEE
2018-06-14,118.9,121.3,118.1,119.75,532259.0,TATACOFFEE
2018-06-15,119.9,122.4,119.2,121.75,443939.0,TATACOFFEE
2018-06-18,120.1,123.85,119.0,123.15,346055.0,TATACOFFEE
2018-06-19,122.0,123.1,119.5,122.65,282432.0,TATACOFFEE
2018-06-20,122.0,123.7,120.1,121.35,408134.0,TATACOFFEE
2018-06-21,121.3,121.65,120.1,120.75,216933.0,TATACOFFEE
2018-06-22,120.55,120.85,119.2,119.8,182295.0,TATACOFFEE
2018-06-25,119.1,119.5,118.0,118.75,135706.0,TATACOFFEE
2018-06-26,118.75,118.75,116.75,117.1,171068.0,TATACOFFEE
2018-06-27,117.05,117.1,111.75,114.5,299579.0,TATACOFFEE
2018-06-28,113.5,113.5,111.5,112.25,178103.0,TATACOFFEE
2018-06-29,112.25,113.9,111.9,112.95,169586.0,TATACOFFEE
2018-07-02,113.5,113.5,110.0,111.9,184349.0,TATACOFFEE
2018-07-03,112.0,134.0,110.5,126.15,6744878.0,TATACOFFEE
2018-07-04,125.45,125.6,118.5,119.2,2401547.0,TATACOFFEE
2018-07-05,117.8,123.2,115.8,118.1,1606734.0,TATACOFFEE
2018-07-06,118.0,121.4,117.1,118.35,696390.0,TATACOFFEE
2018-07-09,119.05,123.0,118.25,119.15,1228071.0,TATACOFFEE
2018-07-10,120.0,121.4,118.5,118.95,519526.0,TATACOFFEE
2018-07-11,119.95,120.9,117.4,118.75,900766.0,TATACOFFEE
2018-07-12,119.5,120.4,117.15,117.9,344586.0,TATACOFFEE
2018-07-13,117.9,118.25,115.0,115.35,307833.0,TATACOFFEE
2018-07-16,115.55,116.2,109.0,109.7,502558.0,TATACOFFEE
2018-07-17,110.0,113.1,109.0,112.55,417604.0,TATACOFFEE
2018-07-18,112.6,113.7,109.55,110.6,290061.0,TATACOFFEE
2018-07-19,111.0,111.35,108.25,108.8,312086.0,TATACOFFEE
2018-07-20,108.8,109.6,107.7,108.8,200734.0,TATACOFFEE
2018-07-23,108.8,111.45,108.5,110.1,270398.0,TATACOFFEE
2018-07-24,110.5,113.4,110.25,113.0,283984.0,TATACOFFEE
2018-07-25,113.8,115.4,113.0,114.4,299451.0,TATACOFFEE
2018-07-26,114.9,115.95,113.1,114.1,291747.0,TATACOFFEE
2018-07-27,111.0,113.75,111.0,112.7,380371.0,TATACOFFEE
2018-07-30,112.7,116.95,112.5,114.25,394045.0,TATACOFFEE
2018-07-31,114.25,116.5,112.8,114.05,276903.0,TATACOFFEE
2018-08-01,114.1,115.85,113.5,114.2,239910.0,TATACOFFEE
2018-08-02,114.2,115.5,113.5,113.85,235159.0,TATACOFFEE
2018-08-03,114.25,114.95,113.0,113.35,236357.0,TATACOFFEE
2018-08-06,114.15,114.6,113.0,113.3,180014.0,TATACOFFEE
2018-08-07,113.45,113.85,111.8,112.4,182962.0,TATACOFFEE
2018-08-08,113.0,113.4,111.9,112.4,178251.0,TATACOFFEE
2018-08-09,112.65,113.25,112.15,112.5,156102.0,TATACOFFEE
2018-08-10,112.75,112.9,111.0,111.25,167924.0,TATACOFFEE
2018-08-13,111.4,111.4,110.0,110.25,150037.0,TATACOFFEE
2018-08-14,110.85,112.8,110.5,111.15,150563.0,TATACOFFEE
2018-08-16,111.85,112.8,108.7,110.0,217789.0,TATACOFFEE
2018-08-17,110.55,111.9,110.0,111.1,196629.0,TATACOFFEE
2018-08-20,110.4,111.45,109.55,110.1,307067.0,TATACOFFEE
2018-08-21,110.2,116.8,109.35,114.75,1015954.0,TATACOFFEE
2018-08-23,115.0,115.3,112.15,112.9,432604.0,TATACOFFEE
2018-08-24,113.4,113.4,111.55,112.05,182218.0,TATACOFFEE
2018-08-27,112.15,113.7,111.65,111.9,297713.0,TATACOFFEE
2018-08-28,111.2,113.4,111.2,112.2,241565.0,TATACOFFEE
2018-08-29,112.0,116.2,111.8,113.8,822729.0,TATACOFFEE
2018-08-30,114.1,116.9,112.8,115.2,593597.0,TATACOFFEE
2018-08-31,115.7,118.0,112.9,116.9,1145578.0,TATACOFFEE
2018-09-03,116.7,119.7,116.0,116.3,991986.0,TATACOFFEE
2018-09-04,116.95,116.95,111.45,111.9,435431.0,TATACOFFEE
2018-09-05,112.45,113.4,109.3,112.35,445605.0,TATACOFFEE
2018-09-06,112.6,113.45,111.4,112.35,175723.0,TATACOFFEE
2018-09-07,112.5,114.4,111.65,112.75,288879.0,TATACOFFEE
2018-09-10,112.1,115.8,112.0,112.35,509196.0,TATACOFFEE
2018-09-11,112.55,113.15,110.25,111.05,172448.0,TATACOFFEE
2018-09-12,112.0,112.5,108.0,110.15,335455.0,TATACOFFEE
2018-09-14,111.0,114.35,111.0,112.7,501597.0,TATACOFFEE
2018-09-17,112.1,113.65,110.75,111.4,432649.0,TATACOFFEE
2018-09-18,111.3,113.4,110.1,110.4,338808.0,TATACOFFEE
2018-09-19,111.0,112.05,109.0,109.45,257513.0,TATACOFFEE
2018-09-21,110.2,110.25,99.0,106.0,452750.0,TATACOFFEE
2018-09-24,106.0,106.55,99.55,101.65,552305.0,TATACOFFEE
2018-09-25,100.25,102.85,99.35,101.6,361050.0,TATACOFFEE
2018-09-26,102.4,102.55,100.2,100.6,237177.0,TATACOFFEE
2018-09-27,100.6,102.4,99.4,100.25,287977.0,TATACOFFEE
2018-09-28,100.15,100.85,95.2,97.0,288639.0,TATACOFFEE
2018-10-01,97.2,97.75,91.95,95.5,357340.0,TATACOFFEE
2018-10-03,96.0,102.4,95.4,98.4,878148.0,TATACOFFEE
2018-10-04,97.9,99.5,96.0,97.25,278146.0,TATACOFFEE
2018-10-05,96.2,97.65,94.5,95.1,230582.0,TATACOFFEE
2018-10-08,95.0,96.6,93.25,94.15,437493.0,TATACOFFEE
2018-10-09,94.4,94.7,92.5,93.15,287878.0,TATACOFFEE
2018-10-10,93.05,96.45,93.05,95.5,261467.0,TATACOFFEE
2018-10-11,93.0,95.4,92.05,93.95,188601.0,TATACOFFEE
2018-10-12,95.5,96.7,94.65,95.35,235972.0,TATACOFFEE
2018-10-15,97.3,101.75,95.5,100.9,710558.0,TATACOFFEE
2018-10-16,102.85,105.7,102.5,103.4,634079.0,TATACOFFEE
2018-10-17,104.0,104.25,100.55,100.75,204323.0,TATACOFFEE
2018-10-19,99.95,101.0,98.3,99.05,208530.0,TATACOFFEE
2018-10-22,99.95,100.2,96.5,97.45,140148.0,TATACOFFEE
2018-10-23,96.35,96.8,95.55,96.35,157682.0,TATACOFFEE
2018-10-24,96.5,98.35,95.4,96.15,163088.0,TATACOFFEE
2018-10-25,95.0,95.8,94.0,94.7,178029.0,TATACOFFEE
2018-10-26,95.55,96.1,93.55,94.4,316329.0,TATACOFFEE
2018-10-29,94.1,96.6,93.55,96.15,391708.0,TATACOFFEE
2018-10-30,95.9,98.0,95.65,96.25,390832.0,TATACOFFEE
2018-10-31,96.9,96.9,94.5,95.65,221082.0,TATACOFFEE
2018-11-01,96.0,98.25,95.4,97.05,311243.0,TATACOFFEE
2018-11-02,98.1,99.3,96.3,97.2,379697.0,TATACOFFEE
2018-11-05,96.95,98.9,96.1,97.8,278840.0,TATACOFFEE
2018-11-06,98.0,98.7,95.4,96.5,284404.0,TATACOFFEE
2018-11-07,97.0,98.4,96.1,97.85,112425.0,TATACOFFEE
2018-11-09,97.3,99.0,97.1,98.4,249477.0,TATACOFFEE
2018-11-12,98.55,99.75,98.0,98.25,282687.0,TATACOFFEE
2018-11-13,97.8,98.15,96.25,97.25,155414.0,TATACOFFEE
2018-11-14,97.4,100.7,97.0,99.15,538643.0,TATACOFFEE
2018-11-15,99.15,99.35,97.65,98.45,126550.0,TATACOFFEE
2018-11-16,98.25,99.0,97.25,98.1,149114.0,TATACOFFEE
2018-11-19,98.0,98.55,97.0,98.15,168576.0,TATACOFFEE
2018-11-20,97.95,100.0,97.6,98.05,281906.0,TATACOFFEE
2018-11-21,97.95,99.35,97.5,98.25,92143.0,TATACOFFEE
2018-11-22,98.3,98.3,95.8,95.95,234623.0,TATACOFFEE
2018-11-26,96.05,96.7,94.85,95.4,156472.0,TATACOFFEE
2018-11-27,95.1,96.0,94.5,95.55,116705.0,TATACOFFEE
2018-11-28,95.45,95.95,94.55,94.95,129117.0,TATACOFFEE
2018-11-29,95.0,95.35,93.2,94.55,157101.0,TATACOFFEE
2018-11-30,94.55,94.95,94.0,94.25,119888.0,TATACOFFEE
2018-12-03,94.25,95.5,93.6,94.75,169935.0,TATACOFFEE
2018-12-04,94.85,97.45,94.0,94.85,217765.0,TATACOFFEE
2018-12-05,94.6,95.2,93.8,94.0,100517.0,TATACOFFEE
2018-12-06,94.4,94.7,92.7,93.35,197920.0,TATACOFFEE
2018-12-07,94.3,94.3,92.5,92.75,126825.0,TATACOFFEE
2018-12-10,92.35,92.35,90.55,90.75,123031.0,TATACOFFEE
2018-12-11,89.95,91.3,89.3,91.0,177221.0,TATACOFFEE
2018-12-12,91.6,92.5,90.65,92.1,202921.0,TATACOFFEE
