Date,Stock,Open,High,Low,Close,Volume
2014-01-01,TATAMOTORS,377.55,378.8,374.05,374.95,1350265.0
2014-01-02,TATAMOTORS,374.95,376.2,369.2,372.35,2983093.0
2014-01-03,TATAMOTORS,368.0,368.0,360.0,362.7,4950946.0
2014-01-06,TATAMOTORS,367.5,370.5,364.2,366.95,5431816.0
2014-01-07,TATAMOTORS,367.0,370.0,363.75,365.1,3978229.0
2014-01-08,TATAMOTORS,365.1,371.6,364.55,370.25,5397831.0
2014-01-09,TATAMOTORS,372.2,372.4,365.0,367.95,3565546.0
2014-01-10,TATAMOTORS,370.0,370.6,365.5,367.0,3067850.0
2014-01-13,TATAMOTORS,372.65,379.45,371.75,376.15,6635467.0
2014-01-14,TATAMOTORS,375.1,375.5,368.1,371.8,3237644.0
2014-01-15,TATAMOTORS,374.0,378.15,372.7,377.3,4795274.0
2014-01-16,TATAMOTORS,379.0,379.0,366.8,369.75,7705700.0
2014-01-17,TATAMOTORS,367.5,373.9,367.05,369.7,4947903.0
2014-01-20,TATAMOTORS,371.05,376.75,370.5,374.9,3212466.0
2014-01-21,TATAMOTORS,375.0,387.8,372.2,384.8,5720137.0
2014-01-22,TATAMOTORS,381.45,387.5,380.05,386.1,5594747.0
2014-01-23,TATAMOTORS,385.25,389.0,380.7,383.6,3750003.0
2014-01-24,TATAMOTORS,379.0,382.05,368.8,370.4,3581923.0
2014-01-27,TATAMOTORS,363.0,363.0,345.55,348.25,9140386.0
2014-01-28,TATAMOTORS,345.5,359.4,345.5,356.25,6542003.0
2014-01-29,TATAMOTORS,360.1,362.55,350.55,351.75,3252615.0
2014-01-30,TATAMOTORS,349.3,367.5,349.0,361.75,9019795.0
2014-01-31,TATAMOTORS,358.4,358.4,347.0,349.55,6859611.0
2014-02-03,TATAMOTORS,347.0,349.75,335.6,336.4,5577370.0
2014-02-04,TATAMOTORS,332.1,346.7,332.1,345.85,11339969.0
2014-02-05,TATAMOTORS,343.0,358.5,339.55,355.1,9337843.0
2014-02-06,TATAMOTORS,353.05,360.25,349.0,357.65,7999919.0
2014-02-07,TATAMOTORS,360.0,363.0,356.1,360.2,5432815.0
2014-02-10,TATAMOTORS,365.0,367.4,358.0,364.05,6509957.0
2014-02-11,TATAMOTORS,381.05,382.7,370.65,374.5,15661815.0
2014-02-12,TATAMOTORS,376.0,383.0,375.15,376.65,7720562.0
2014-02-13,TATAMOTORS,380.0,383.45,374.7,375.95,6753321.0
2014-02-14,TATAMOTORS,380.2,390.0,380.2,388.8,6688954.0
2014-02-17,TATAMOTORS,392.05,395.45,384.25,386.6,8551120.0
2014-02-18,TATAMOTORS,387.95,394.25,385.3,391.4,6011915.0
2014-02-19,TATAMOTORS,392.0,393.0,387.9,391.5,3904872.0
2014-02-20,TATAMOTORS,391.5,395.0,389.4,391.85,6663891.0
2014-02-21,TATAMOTORS,395.0,397.8,392.85,396.2,6329199.0
2014-02-24,TATAMOTORS,397.05,400.85,394.2,396.55,5194044.0
2014-02-25,TATAMOTORS,399.0,399.7,393.55,398.5,3031959.0
2014-02-26,TATAMOTORS,397.1,402.55,396.05,401.2,7239939.0
2014-02-28,TATAMOTORS,410.0,418.2,404.35,416.95,12543449.0
2014-03-03,TATAMOTORS,415.0,415.0,408.25,410.7,6613105.0
2014-03-04,TATAMOTORS,411.25,420.7,405.8,412.9,5556293.0
2014-03-05,TATAMOTORS,415.0,416.2,407.15,409.6,4002207.0
2014-03-06,TATAMOTORS,411.5,412.3,404.4,408.45,5657373.0
2014-03-07,TATAMOTORS,408.5,415.85,405.5,409.1,5997347.0
2014-03-10,TATAMOTORS,404.4,406.65,393.45,396.0,5777982.0
2014-03-11,TATAMOTORS,393.0,404.5,393.0,397.95,6048848.0
2014-03-12,TATAMOTORS,397.1,398.0,388.0,388.85,4478567.0
2014-03-13,TATAMOTORS,393.45,396.65,384.85,388.0,3857870.0
2014-03-14,TATAMOTORS,383.0,394.7,383.0,393.25,3208372.0
2014-03-18,TATAMOTORS,394.0,397.35,380.5,381.25,6811167.0
2014-03-19,TATAMOTORS,385.9,387.65,379.55,384.35,6265086.0
2014-03-20,TATAMOTORS,382.0,385.0,378.75,379.7,4092825.0
2014-03-21,TATAMOTORS,382.15,390.0,381.9,389.15,5685397.0
2014-03-22,TATAMOTORS,388.6,390.0,386.55,389.0,300814.0
2014-03-24,TATAMOTORS,391.0,394.45,389.25,391.5,3159565.0
2014-03-25,TATAMOTORS,392.0,393.5,386.65,390.85,3891051.0
2014-03-26,TATAMOTORS,394.6,403.0,394.6,401.65,7347685.0
2014-03-27,TATAMOTORS,403.0,404.95,393.75,396.7,9166505.0
2014-03-28,TATAMOTORS,400.8,403.35,395.4,397.3,3365107.0
2014-03-31,TATAMOTORS,401.0,404.15,396.65,398.65,4118759.0
2014-04-01,TATAMOTORS,405.15,406.5,399.5,403.15,3946055.0
2014-04-02,TATAMOTORS,406.8,415.0,405.0,414.1,6294255.0
2014-04-03,TATAMOTORS,415.9,418.0,407.1,411.35,5301516.0
2014-04-04,TATAMOTORS,414.4,414.4,404.45,405.5,2900822.0
2014-04-07,TATAMOTORS,405.05,410.0,400.85,404.0,3792597.0
2014-04-09,TATAMOTORS,408.0,422.8,407.5,420.9,6886132.0
2014-04-10,TATAMOTORS,423.0,435.0,423.0,430.8,6320344.0
2014-04-11,TATAMOTORS,428.9,437.8,422.2,423.6,6082343.0
2014-04-15,TATAMOTORS,425.6,429.45,409.05,411.95,6865538.0
2014-04-16,TATAMOTORS,409.5,418.95,409.35,411.15,3782508.0
2014-04-17,TATAMOTORS,415.35,430.6,415.3,429.1,4577368.0
2014-04-21,TATAMOTORS,424.9,434.55,424.15,432.1,2818637.0
2014-04-22,TATAMOTORS,430.9,434.7,426.6,428.8,2488045.0
2014-04-23,TATAMOTORS,430.3,433.7,422.3,425.05,5383562.0
2014-04-25,TATAMOTORS,425.05,430.75,422.6,423.25,4118462.0
2014-04-28,TATAMOTORS,423.1,423.1,415.0,416.45,3517997.0
2014-04-29,TATAMOTORS,416.05,418.8,407.6,408.95,2379745.0
2014-04-30,TATAMOTORS,413.7,418.0,404.2,414.75,5583892.0
2014-05-02,TATAMOTORS,418.0,420.3,411.2,414.75,2816896.0
2014-05-05,TATAMOTORS,408.55,415.9,408.55,414.45,2450473.0
2014-05-06,TATAMOTORS,414.9,422.0,414.5,419.15,2735911.0
2014-05-07,TATAMOTORS,419.0,421.7,415.5,416.7,3380285.0
2014-05-08,TATAMOTORS,419.9,424.2,417.55,423.05,3040775.0
2014-05-09,TATAMOTORS,423.95,429.1,419.25,427.5,5002332.0
2014-05-12,TATAMOTORS,427.4,446.5,426.5,445.2,6310558.0
2014-05-13,TATAMOTORS,447.25,455.75,438.8,440.95,5470693.0
2014-05-14,TATAMOTORS,440.0,446.1,434.05,442.35,2878176.0
2014-05-15,TATAMOTORS,445.0,448.65,437.15,439.65,4353266.0
2014-05-16,TATAMOTORS,444.1,465.0,443.5,449.85,9394433.0
2014-05-19,TATAMOTORS,456.0,457.8,442.8,444.4,5822795.0
2014-05-20,TATAMOTORS,446.05,451.85,436.6,439.85,6228431.0
2014-05-21,TATAMOTORS,442.3,444.95,434.1,436.95,5246604.0
2014-05-22,TATAMOTORS,437.5,441.15,428.25,430.8,7587124.0
2014-05-23,TATAMOTORS,427.35,439.9,425.0,431.3,7325923.0
2014-05-26,TATAMOTORS,438.0,453.75,438.0,444.05,9114207.0
2014-05-27,TATAMOTORS,447.35,451.35,433.5,436.6,5495046.0
2014-05-28,TATAMOTORS,433.0,435.8,423.5,428.75,8431663.0
2014-05-29,TATAMOTORS,424.45,432.35,421.35,424.3,7090240.0
2014-05-30,TATAMOTORS,411.5,422.2,407.05,415.05,11027927.0
2014-06-02,TATAMOTORS,415.0,422.7,410.55,420.75,5453105.0
2014-06-03,TATAMOTORS,417.35,424.0,416.25,420.9,8815039.0
2014-06-04,TATAMOTORS,425.0,429.5,421.0,422.05,6432255.0
2014-06-05,TATAMOTORS,420.0,436.05,417.15,435.0,8990112.0
2014-06-06,TATAMOTORS,437.0,440.5,428.5,439.1,8064951.0
2014-06-09,TATAMOTORS,439.5,453.4,439.5,448.6,6990208.0
2014-06-10,TATAMOTORS,450.3,455.4,442.45,453.4,6351229.0
2014-06-11,TATAMOTORS,452.0,453.5,437.75,445.75,5822019.0
2014-06-12,TATAMOTORS,445.0,451.45,441.75,449.55,4224821.0
2014-06-13,TATAMOTORS,449.95,450.25,435.0,438.25,5398821.0
2014-06-16,TATAMOTORS,436.5,438.25,429.05,430.85,4751076.0
2014-06-17,TATAMOTORS,434.1,443.2,427.15,440.9,4834977.0
2014-06-18,TATAMOTORS,444.5,445.0,430.55,433.15,3014079.0
2014-06-19,TATAMOTORS,438.0,443.8,435.0,438.6,6664761.0
2014-06-20,TATAMOTORS,441.2,442.05,432.95,438.05,4730789.0
2014-06-23,TATAMOTORS,436.4,442.5,431.2,435.6,3759439.0
2014-06-24,TATAMOTORS,434.1,445.6,434.1,442.15,3977357.0
2014-06-25,TATAMOTORS,441.05,448.6,439.2,443.25,4431204.0
2014-06-26,TATAMOTORS,443.0,448.85,436.2,438.0,4030884.0
2014-06-27,TATAMOTORS,437.1,440.85,430.1,432.35,2593373.0
2014-06-30,TATAMOTORS,434.0,436.2,429.05,431.3,3209913.0
2014-07-01,TATAMOTORS,432.8,452.9,432.8,450.8,6363294.0
2014-07-02,TATAMOTORS,451.4,458.6,445.1,455.8,5764628.0
2014-07-03,TATAMOTORS,455.8,472.8,455.0,469.75,10030921.0
2014-07-04,TATAMOTORS,470.0,474.25,466.5,469.45,6984574.0
2014-07-07,TATAMOTORS,474.0,479.95,472.1,478.85,5245180.0
2014-07-08,TATAMOTORS,479.5,484.7,465.35,470.0,6686015.0
2014-07-09,TATAMOTORS,469.8,469.9,453.0,457.25,3885806.0
2014-07-10,TATAMOTORS,460.2,474.75,449.75,453.15,5303111.0
2014-07-11,TATAMOTORS,455.25,461.45,443.8,445.95,2709162.0
2014-07-14,TATAMOTORS,445.0,458.85,442.6,456.0,3573195.0
2014-07-15,TATAMOTORS,458.25,464.9,456.7,462.9,3571017.0
2014-07-16,TATAMOTORS,466.2,471.6,462.1,470.3,3554224.0
2014-07-17,TATAMOTORS,467.0,477.35,465.15,475.3,5060355.0
2014-07-18,TATAMOTORS,471.8,477.5,466.35,475.3,4104064.0
2014-07-21,TATAMOTORS,476.25,478.45,470.0,474.95,2125042.0
2014-07-22,TATAMOTORS,474.95,488.2,472.25,486.7,4200537.0
2014-07-23,TATAMOTORS,485.5,487.9,476.75,484.85,4694832.0
2014-07-24,TATAMOTORS,483.2,487.2,477.1,485.25,3303449.0
2014-07-25,TATAMOTORS,486.0,486.0,456.4,461.1,6276194.0
2014-07-28,TATAMOTORS,456.5,470.05,451.3,453.85,8303008.0
2014-07-30,TATAMOTORS,455.0,455.45,442.0,451.35,13451030.0
2014-07-31,TATAMOTORS,453.0,454.7,445.05,446.75,9372425.0
2014-08-01,TATAMOTORS,444.8,455.75,438.0,440.0,8788380.0
2014-08-04,TATAMOTORS,442.3,448.4,441.15,446.6,7438170.0
2014-08-05,TATAMOTORS,449.7,457.9,444.2,456.8,3987890.0
2014-08-06,TATAMOTORS,455.0,455.0,445.2,447.55,4807563.0
2014-08-07,TATAMOTORS,447.6,450.35,440.2,442.0,4819648.0
2014-08-08,TATAMOTORS,437.5,437.85,430.4,432.9,6422294.0
2014-08-11,TATAMOTORS,439.6,448.45,437.0,446.55,8643044.0
2014-08-12,TATAMOTORS,481.0,482.0,468.4,474.0,14729593.0
2014-08-13,TATAMOTORS,477.05,479.85,466.1,473.5,6232455.0
2014-08-14,TATAMOTORS,474.35,485.85,473.65,484.6,6349274.0
2014-08-18,TATAMOTORS,489.05,505.65,488.9,503.8,8564539.0
2014-08-19,TATAMOTORS,507.5,520.7,505.55,518.85,9859931.0
2014-08-20,TATAMOTORS,519.0,522.0,510.9,512.25,5409421.0
2014-08-21,TATAMOTORS,516.0,518.15,506.15,512.75,5405948.0
2014-08-22,TATAMOTORS,515.25,520.65,510.6,511.55,4357503.0
2014-08-25,TATAMOTORS,517.0,518.0,505.35,508.4,3963009.0
2014-08-26,TATAMOTORS,498.5,515.2,496.35,512.65,4674270.0
2014-08-27,TATAMOTORS,518.9,524.0,516.2,521.7,3863988.0
2014-08-28,TATAMOTORS,523.7,531.65,522.65,525.05,5538124.0
2014-09-01,TATAMOTORS,526.0,529.5,516.75,520.0,6254629.0
2014-09-02,TATAMOTORS,520.0,520.75,512.05,516.25,4650966.0
2014-09-03,TATAMOTORS,526.1,530.5,521.3,522.6,7316875.0
2014-09-04,TATAMOTORS,522.7,522.7,509.25,513.0,7803460.0
2014-09-05,TATAMOTORS,513.0,516.6,503.15,506.0,9954962.0
2014-09-08,TATAMOTORS,508.0,512.0,502.9,510.1,9167389.0
2014-09-09,TATAMOTORS,511.1,518.4,507.6,517.15,9037982.0
2014-09-10,TATAMOTORS,513.8,520.95,512.4,516.55,7237841.0
2014-09-11,TATAMOTORS,518.0,518.3,511.0,514.35,3952038.0
2014-09-12,TATAMOTORS,515.0,519.35,513.4,517.2,4596246.0
2014-09-15,TATAMOTORS,512.0,515.4,510.15,512.4,2970679.0
2014-09-16,TATAMOTORS,510.0,510.75,494.65,499.75,5734024.0
2014-09-17,TATAMOTORS,502.0,509.5,491.4,506.95,4947732.0
2014-09-18,TATAMOTORS,505.7,526.8,500.7,525.4,7051279.0
2014-09-19,TATAMOTORS,525.2,529.0,516.55,518.9,5132096.0
2014-09-22,TATAMOTORS,515.0,542.5,514.0,540.05,7888770.0
2014-09-23,TATAMOTORS,541.7,542.6,516.1,517.8,7448994.0
2014-09-24,TATAMOTORS,516.0,517.75,506.55,513.4,3846158.0
2014-09-25,TATAMOTORS,512.7,514.75,500.0,504.35,6322423.0
2014-09-26,TATAMOTORS,502.1,513.05,492.35,511.1,7175476.0
2014-09-29,TATAMOTORS,510.1,515.6,507.65,510.75,5106197.0
2014-09-30,TATAMOTORS,514.7,514.7,500.3,502.15,5517683.0
2014-10-01,TATAMOTORS,501.2,507.4,499.25,502.75,3687493.0
2014-10-07,TATAMOTORS,502.75,516.8,502.75,504.95,5404357.0
2014-10-08,TATAMOTORS,507.0,512.7,502.0,509.0,3921022.0
2014-10-09,TATAMOTORS,514.95,522.5,513.3,520.6,3718984.0
2014-10-10,TATAMOTORS,514.5,514.5,489.35,492.7,7455947.0
2014-10-13,TATAMOTORS,490.0,498.2,480.05,496.25,5138424.0
2014-10-14,TATAMOTORS,498.9,500.2,486.1,488.0,3845609.0
2014-10-16,TATAMOTORS,485.45,501.1,481.7,483.8,6573240.0
2014-10-17,TATAMOTORS,483.75,483.75,468.0,475.8,9493560.0
2014-10-20,TATAMOTORS,487.9,497.0,484.6,494.65,5777633.0
2014-10-21,TATAMOTORS,499.05,504.15,493.75,501.45,3930435.0
2014-10-22,TATAMOTORS,508.65,520.5,508.65,519.15,5780947.0
2014-10-23,TATAMOTORS,519.0,519.0,514.6,515.65,542351.0
2014-10-27,TATAMOTORS,517.0,518.0,502.25,503.7,3143561.0
2014-10-28,TATAMOTORS,505.7,511.3,503.05,508.65,2396689.0
2014-10-29,TATAMOTORS,515.5,527.45,515.5,526.2,4369226.0
2014-10-30,TATAMOTORS,522.35,531.35,520.1,526.95,6176152.0
2014-10-31,TATAMOTORS,526.35,538.5,520.95,535.85,3914563.0
2014-11-03,TATAMOTORS,530.6,535.9,526.25,531.4,2764829.0
2014-11-05,TATAMOTORS,529.0,539.8,521.25,536.0,6515021.0
2014-11-07,TATAMOTORS,537.1,543.95,532.2,533.35,2454112.0
2014-11-10,TATAMOTORS,530.75,534.45,518.75,522.3,3353906.0
2014-11-11,TATAMOTORS,525.0,527.5,517.1,521.7,2523943.0
2014-11-12,TATAMOTORS,523.4,536.9,521.9,531.85,3579289.0
2014-11-13,TATAMOTORS,533.0,536.0,523.45,526.75,2769737.0
2014-11-14,TATAMOTORS,529.85,536.8,519.65,523.9,4667710.0
2014-11-17,TATAMOTORS,520.0,547.55,520.0,545.25,7083220.0
2014-11-18,TATAMOTORS,548.65,550.7,540.5,541.6,4499757.0
2014-11-19,TATAMOTORS,544.05,544.95,522.5,529.5,4628849.0
2014-11-20,TATAMOTORS,533.0,533.85,520.3,524.75,3788322.0
2014-11-21,TATAMOTORS,528.55,539.4,527.2,531.0,3976809.0
2014-11-24,TATAMOTORS,531.0,538.65,525.0,526.4,3753092.0
2014-11-25,TATAMOTORS,528.55,529.05,513.0,521.85,4313395.0
2014-11-26,TATAMOTORS,521.7,524.8,515.0,519.95,4589398.0
2014-11-27,TATAMOTORS,515.0,522.85,511.5,519.95,5641394.0
2014-11-28,TATAMOTORS,524.4,539.0,521.5,533.5,8174796.0
2014-12-01,TATAMOTORS,539.85,539.85,530.1,536.0,5093458.0
2014-12-02,TATAMOTORS,535.7,535.8,528.1,528.95,3555543.0
2014-12-03,TATAMOTORS,535.2,538.8,526.3,529.0,3997174.0
2014-12-04,TATAMOTORS,534.0,537.25,522.0,527.75,3600835.0
2014-12-05,TATAMOTORS,524.45,530.75,522.45,525.35,2443317.0
2014-12-08,TATAMOTORS,525.1,530.5,513.7,515.7,3102060.0
2014-12-09,TATAMOTORS,517.25,520.85,501.35,503.25,5503173.0
2014-12-10,TATAMOTORS,496.0,514.9,493.2,511.0,5561474.0
2014-12-11,TATAMOTORS,506.8,512.8,498.0,503.9,4026431.0
2014-12-12,TATAMOTORS,498.9,507.75,496.0,499.95,3859003.0
2014-12-15,TATAMOTORS,494.9,501.8,492.35,493.95,3855125.0
2014-12-16,TATAMOTORS,490.0,491.7,478.5,481.65,4762142.0
2014-12-17,TATAMOTORS,478.6,486.4,468.65,475.8,6172599.0
2014-12-18,TATAMOTORS,481.05,490.0,480.85,484.9,4370887.0
2014-12-19,TATAMOTORS,490.3,497.8,484.15,485.9,4616429.0
2014-12-22,TATAMOTORS,486.1,497.3,481.35,494.7,3191672.0
2014-12-23,TATAMOTORS,496.8,501.45,485.6,488.15,4121567.0
2014-12-24,TATAMOTORS,490.15,492.75,481.55,483.95,6440960.0
2014-12-26,TATAMOTORS,483.0,487.55,478.95,485.15,2314336.0
2014-12-29,TATAMOTORS,485.15,498.0,485.15,495.05,2788674.0
2014-12-30,TATAMOTORS,499.0,499.5,490.25,493.75,1683677.0
2014-12-31,TATAMOTORS,494.5,498.7,491.05,495.55,3183466.0
2015-01-01,TATAMOTORS,494.5,499.45,492.25,498.45,934528.0
2015-01-02,TATAMOTORS,497.25,517.4,497.25,511.8,4148596.0
2015-01-05,TATAMOTORS,510.1,526.0,506.7,523.8,6686952.0
2015-01-06,TATAMOTORS,514.35,514.35,499.25,501.4,7894918.0
2015-01-07,TATAMOTORS,495.0,500.4,489.2,493.85,9134678.0
2015-01-08,TATAMOTORS,504.0,514.8,501.0,512.0,5476843.0
2015-01-09,TATAMOTORS,521.25,524.95,515.5,522.3,4010545.0
2015-01-12,TATAMOTORS,518.5,524.7,511.25,522.3,2533395.0
2015-01-13,TATAMOTORS,520.35,525.7,515.25,519.45,4282874.0
2015-01-14,TATAMOTORS,521.5,526.65,513.95,520.35,6006186.0
2015-01-15,TATAMOTORS,528.3,536.0,523.75,532.95,6829305.0
2015-01-16,TATAMOTORS,531.1,535.8,522.4,525.75,4205034.0
2015-01-19,TATAMOTORS,526.5,539.6,523.15,538.5,4568341.0
2015-01-20,TATAMOTORS,538.75,561.0,534.75,559.2,6075180.0
2015-01-21,TATAMOTORS,556.85,558.45,546.0,551.5,6452158.0
2015-01-22,TATAMOTORS,550.65,568.7,548.55,566.5,5946787.0
2015-01-23,TATAMOTORS,575.0,591.15,574.0,588.45,7682336.0
2015-01-27,TATAMOTORS,596.05,607.7,596.05,604.55,7136967.0
2015-01-28,TATAMOTORS,599.0,599.2,587.0,589.2,8209728.0
2015-01-29,TATAMOTORS,586.0,600.7,580.6,598.6,5812166.0
2015-01-30,TATAMOTORS,601.4,604.7,581.1,585.15,4136616.0
2015-02-02,TATAMOTORS,587.8,595.9,580.85,592.5,4316925.0
2015-02-03,TATAMOTORS,597.65,612.4,596.2,603.3,6035606.0
2015-02-04,TATAMOTORS,606.65,606.65,588.2,591.4,3362648.0
2015-02-05,TATAMOTORS,591.0,602.9,582.0,589.2,6774777.0
2015-02-06,TATAMOTORS,567.05,572.0,552.2,559.6,12091509.0
2015-02-09,TATAMOTORS,550.0,554.45,541.3,542.65,4579430.0
2015-02-10,TATAMOTORS,544.0,568.0,543.35,564.1,5557625.0
2015-02-11,TATAMOTORS,567.0,571.4,553.35,558.9,4588336.0
2015-02-12,TATAMOTORS,562.2,566.0,552.5,561.8,5430678.0
2015-02-13,TATAMOTORS,562.7,567.2,555.0,565.55,3469320.0
2015-02-16,TATAMOTORS,569.0,580.45,565.5,574.15,5732125.0
2015-02-18,TATAMOTORS,572.7,587.0,560.65,584.3,5784461.0
2015-02-19,TATAMOTORS,586.0,592.55,572.1,576.55,4271131.0
2015-02-20,TATAMOTORS,579.5,585.0,572.25,579.9,3865784.0
2015-02-23,TATAMOTORS,582.0,584.45,572.05,574.2,3008142.0
2015-02-24,TATAMOTORS,577.0,578.0,559.95,564.4,4304190.0
2015-02-25,TATAMOTORS,566.7,576.0,564.0,568.2,3050026.0
2015-02-26,TATAMOTORS,570.1,572.05,557.35,560.65,3533029.0
2015-02-27,TATAMOTORS,567.05,581.0,563.5,575.15,4310800.0
2015-02-28,TATAMOTORS,576.85,598.95,563.8,593.35,4108469.0
2015-03-02,TATAMOTORS,597.4,601.0,573.1,585.0,4899347.0
2015-03-03,TATAMOTORS,582.5,582.5,572.0,574.1,3555077.0
2015-03-04,TATAMOTORS,581.5,592.1,570.1,574.1,6176534.0
2015-03-05,TATAMOTORS,576.0,577.8,567.7,570.7,3318912.0
2015-03-09,TATAMOTORS,571.0,573.6,562.0,565.1,3528212.0
2015-03-10,TATAMOTORS,567.9,572.7,558.7,560.2,3875591.0
2015-03-11,TATAMOTORS,561.0,565.2,548.2,550.9,3151043.0
2015-03-12,TATAMOTORS,554.9,566.95,554.3,563.9,3394342.0
2015-03-13,TATAMOTORS,565.65,565.7,555.1,558.35,5325356.0
2015-03-16,TATAMOTORS,559.05,565.7,554.25,556.9,2757396.0
2015-03-17,TATAMOTORS,564.0,579.0,562.4,571.55,5338621.0
2015-03-18,TATAMOTORS,570.35,571.0,556.5,560.2,4521120.0
2015-03-19,TATAMOTORS,565.0,568.95,551.25,553.8,3260146.0
2015-03-20,TATAMOTORS,548.95,550.65,541.0,547.6,5065418.0
2015-03-23,TATAMOTORS,548.05,557.8,548.05,551.45,3120391.0
2015-03-24,TATAMOTORS,551.8,552.5,528.4,532.25,4471090.0
2015-03-25,TATAMOTORS,535.5,545.6,533.5,541.85,8533721.0
2015-03-26,TATAMOTORS,530.9,539.0,520.8,524.25,6475129.0
2015-03-27,TATAMOTORS,525.65,536.8,518.15,535.35,4671141.0
2015-03-30,TATAMOTORS,536.85,541.05,531.35,540.0,3969941.0
2015-03-31,TATAMOTORS,540.15,559.8,537.6,550.2,5352135.0
2015-04-01,TATAMOTORS,549.1,566.4,548.0,564.9,4177702.0
2015-04-06,TATAMOTORS,563.9,573.5,555.35,568.15,5728358.0
2015-04-07,TATAMOTORS,569.05,570.7,554.05,560.35,3201751.0
2015-04-08,TATAMOTORS,565.0,569.6,559.2,561.5,3774897.0
2015-04-09,TATAMOTORS,562.8,564.85,552.25,559.9,3043135.0
2015-04-10,TATAMOTORS,558.8,569.4,555.55,562.65,2808049.0
2015-04-13,TATAMOTORS,563.0,563.9,552.45,556.25,2889208.0
2015-04-15,TATAMOTORS,551.25,551.25,538.25,540.45,4118983.0
2015-04-16,TATAMOTORS,543.75,551.25,534.2,541.25,4027716.0
2015-04-17,TATAMOTORS,541.5,544.8,534.15,535.35,2728290.0
2015-04-20,TATAMOTORS,543.15,543.15,521.05,533.2,5011252.0
2015-04-21,TATAMOTORS,531.45,538.0,523.5,527.4,3243871.0
2015-04-22,TATAMOTORS,529.0,529.7,510.65,523.5,4311384.0
2015-04-23,TATAMOTORS,527.8,527.8,508.45,512.0,4961920.0
2015-04-24,TATAMOTORS,515.25,520.0,508.6,516.2,4302328.0
2015-04-27,TATAMOTORS,521.0,523.0,513.05,516.85,3082875.0
2015-04-28,TATAMOTORS,520.5,533.8,518.35,529.85,6417077.0
2015-04-29,TATAMOTORS,526.75,528.0,516.8,520.9,3685760.0
2015-04-30,TATAMOTORS,518.2,520.8,506.75,508.25,10009172.0
2015-05-04,TATAMOTORS,511.75,516.0,497.5,506.45,5849866.0
2015-05-05,TATAMOTORS,509.5,515.7,506.05,510.45,3398712.0
2015-05-06,TATAMOTORS,508.5,508.5,495.8,497.85,5925410.0
2015-05-07,TATAMOTORS,493.5,503.0,482.6,488.1,5504557.0
2015-05-08,TATAMOTORS,498.75,515.9,497.35,513.7,6229295.0
2015-05-11,TATAMOTORS,522.25,530.95,517.0,529.7,5520513.0
2015-05-12,TATAMOTORS,525.7,525.7,511.15,513.55,4569616.0
2015-05-13,TATAMOTORS,517.0,525.55,506.55,520.45,4442178.0
2015-05-14,TATAMOTORS,519.0,519.0,510.1,516.6,3587736.0
2015-05-15,TATAMOTORS,519.0,524.5,517.05,519.9,4038816.0
2015-05-18,TATAMOTORS,517.25,524.4,510.3,520.7,4363711.0
2015-05-19,TATAMOTORS,516.9,518.75,508.7,509.8,5500642.0
2015-05-20,TATAMOTORS,511.0,513.85,503.55,505.25,6385674.0
2015-05-21,TATAMOTORS,506.5,512.5,505.0,511.2,4708702.0
2015-05-22,TATAMOTORS,511.75,516.95,510.2,514.65,4744826.0
2015-05-25,TATAMOTORS,513.0,514.0,503.0,505.3,3080546.0
2015-05-26,TATAMOTORS,505.0,506.0,493.55,497.6,7389680.0
2015-05-27,TATAMOTORS,473.6,474.95,463.55,471.75,15936377.0
2015-05-28,TATAMOTORS,473.85,487.45,472.25,484.35,11792862.0
2015-05-29,TATAMOTORS,485.2,490.25,479.4,481.65,7892019.0
2015-06-01,TATAMOTORS,482.9,482.9,471.0,472.05,4610219.0
2015-06-02,TATAMOTORS,473.1,478.4,465.0,466.95,6237231.0
2015-06-03,TATAMOTORS,467.0,468.75,434.7,456.85,9702740.0
2015-06-04,TATAMOTORS,456.85,458.45,445.45,451.2,8001049.0
2015-06-05,TATAMOTORS,445.65,449.55,439.5,442.1,11195670.0
2015-06-08,TATAMOTORS,435.3,438.0,429.05,435.6,7072020.0
2015-06-09,TATAMOTORS,431.3,443.8,431.3,440.05,7741629.0
2015-06-10,TATAMOTORS,439.9,449.4,436.0,446.6,9716102.0
2015-06-11,TATAMOTORS,446.5,446.8,428.1,430.2,9668308.0
2015-06-12,TATAMOTORS,426.55,429.5,417.25,421.8,10871836.0
2015-06-15,TATAMOTORS,426.0,427.95,418.1,426.35,7287773.0
2015-06-16,TATAMOTORS,427.05,435.8,421.25,432.8,6192559.0
2015-06-17,TATAMOTORS,436.0,437.4,426.5,433.7,7034146.0
2015-06-18,TATAMOTORS,434.9,447.5,431.4,445.45,8198142.0
2015-06-19,TATAMOTORS,444.8,444.8,431.6,433.05,6891821.0
2015-06-22,TATAMOTORS,435.0,444.0,435.0,440.5,5281379.0
2015-06-23,TATAMOTORS,441.0,447.4,435.0,436.0,5762483.0
2015-06-24,TATAMOTORS,438.7,438.7,428.1,430.6,7081258.0
2015-06-25,TATAMOTORS,433.0,436.1,429.5,432.4,7745469.0
2015-06-26,TATAMOTORS,435.0,438.8,431.2,437.6,5009173.0
2015-06-29,TATAMOTORS,428.8,432.5,418.15,428.25,7143044.0
2015-06-30,TATAMOTORS,428.0,436.25,422.7,434.15,6387312.0
2015-07-01,TATAMOTORS,436.75,447.4,431.4,444.5,6054910.0
2015-07-02,TATAMOTORS,445.0,445.0,435.0,436.4,4641851.0
2015-07-03,TATAMOTORS,436.0,436.0,430.45,433.15,3709457.0
2015-07-06,TATAMOTORS,428.0,433.5,420.7,431.1,4600687.0
2015-07-07,TATAMOTORS,434.35,435.7,428.0,431.55,5667938.0
2015-07-08,TATAMOTORS,424.0,424.0,400.0,404.95,15521757.0
2015-07-09,TATAMOTORS,400.15,403.35,394.25,397.8,9351601.0
2015-07-10,TATAMOTORS,400.25,405.8,398.05,401.9,13661389.0
2015-07-13,TATAMOTORS,406.7,406.7,397.05,402.1,8047912.0
2015-07-14,TATAMOTORS,403.5,403.5,380.95,385.95,11333562.0
2015-07-15,TATAMOTORS,387.0,395.0,382.6,394.3,15561638.0
2015-07-16,TATAMOTORS,394.9,398.65,392.45,395.25,5199913.0
2015-07-17,TATAMOTORS,395.95,403.25,390.4,398.05,6590110.0
2015-07-20,TATAMOTORS,399.0,401.9,389.3,390.75,5777196.0
2015-07-21,TATAMOTORS,391.8,393.3,386.1,389.1,6461958.0
2015-07-22,TATAMOTORS,388.0,392.8,385.95,389.55,5955109.0
2015-07-23,TATAMOTORS,388.75,403.4,385.0,401.35,9510349.0
2015-07-24,TATAMOTORS,397.55,399.35,389.0,390.25,7059848.0
2015-07-27,TATAMOTORS,384.25,385.25,373.0,377.45,8450904.0
2015-07-28,TATAMOTORS,373.0,374.9,366.1,370.1,10975840.0
2015-07-29,TATAMOTORS,373.9,379.95,372.7,376.45,9532212.0
2015-07-30,TATAMOTORS,381.65,382.5,376.0,377.45,6562559.0
2015-07-31,TATAMOTORS,380.8,390.5,380.05,383.85,6947628.0
2015-08-03,TATAMOTORS,386.35,394.4,382.0,388.2,6647982.0
2015-08-04,TATAMOTORS,385.9,387.0,378.0,380.75,5621275.0
2015-08-05,TATAMOTORS,378.75,388.5,375.1,376.4,8298929.0
2015-08-06,TATAMOTORS,376.5,384.7,373.2,383.1,7976356.0
2015-08-07,TATAMOTORS,382.4,396.0,382.4,393.4,10706804.0
2015-08-10,TATAMOTORS,384.0,395.3,382.1,385.7,14494111.0
2015-08-11,TATAMOTORS,387.1,388.0,367.55,369.15,9984809.0
2015-08-12,TATAMOTORS,365.0,365.85,353.55,355.2,11107801.0
2015-08-13,TATAMOTORS,356.9,360.95,348.0,349.4,11147702.0
2015-08-14,TATAMOTORS,351.45,359.75,345.1,355.25,6400810.0
2015-08-17,TATAMOTORS,354.4,362.3,345.25,356.1,5812093.0
2015-08-18,TATAMOTORS,355.85,358.35,347.7,348.6,5623977.0
2015-08-19,TATAMOTORS,348.7,354.9,344.0,351.25,6435894.0
2015-08-20,TATAMOTORS,348.0,349.7,341.0,342.2,7789676.0
2015-08-21,TATAMOTORS,339.4,339.4,327.75,332.4,8793065.0
2015-08-24,TATAMOTORS,317.0,317.0,301.6,308.25,14753473.0
2015-08-25,TATAMOTORS,308.0,331.35,305.8,328.85,13398318.0
2015-08-26,TATAMOTORS,322.0,341.4,318.25,335.1,13781660.0
2015-08-27,TATAMOTORS,338.4,342.55,327.25,334.05,17224851.0
2015-08-28,TATAMOTORS,342.0,342.0,335.25,340.05,7123909.0
2015-08-31,TATAMOTORS,340.0,348.75,332.45,340.15,7244287.0
2015-09-01,TATAMOTORS,334.95,339.35,325.1,329.9,8606005.0
2015-09-02,TATAMOTORS,328.85,332.5,321.45,324.45,8097313.0
2015-09-03,TATAMOTORS,326.2,339.8,326.2,333.55,8138855.0
2015-09-04,TATAMOTORS,330.0,330.8,316.0,322.9,6592654.0
2015-09-07,TATAMOTORS,327.8,333.0,320.0,322.85,5357928.0
2015-09-08,TATAMOTORS,326.0,333.25,316.3,330.9,6729868.0
2015-09-09,TATAMOTORS,335.35,350.7,333.6,344.9,8833492.0
2015-09-10,TATAMOTORS,340.05,356.45,331.0,354.1,9872906.0
2015-09-11,TATAMOTORS,354.9,358.9,342.25,344.6,8569963.0
2015-09-14,TATAMOTORS,348.9,350.9,342.25,346.8,5480940.0
2015-09-15,TATAMOTORS,345.95,345.95,333.05,334.1,5802405.0
2015-09-16,TATAMOTORS,337.7,340.4,332.5,338.05,5708786.0
2015-09-18,TATAMOTORS,329.2,333.8,326.85,330.25,14893326.0
2015-09-21,TATAMOTORS,326.85,334.9,325.65,331.7,5172386.0
2015-09-22,TATAMOTORS,332.0,333.6,314.0,315.8,7122834.0
2015-09-23,TATAMOTORS,311.0,312.55,306.25,310.3,8954516.0
2015-09-24,TATAMOTORS,309.7,312.0,301.6,303.4,13799813.0
2015-09-28,TATAMOTORS,304.4,304.4,283.5,285.0,13577316.0
2015-09-29,TATAMOTORS,281.2,294.8,279.1,288.75,12304403.0
2015-09-30,TATAMOTORS,289.25,299.75,288.1,298.6,12926187.0
2015-10-01,TATAMOTORS,301.45,301.5,291.5,297.75,7501080.0
2015-10-05,TATAMOTORS,302.5,322.1,302.5,315.15,14527820.0
2015-10-06,TATAMOTORS,320.55,334.7,319.55,333.7,18806867.0
2015-10-07,TATAMOTORS,333.9,345.0,329.0,341.35,17802539.0
2015-10-08,TATAMOTORS,343.8,347.3,341.55,343.25,12085332.0
2015-10-09,TATAMOTORS,346.2,359.2,341.1,356.45,11635790.0
2015-10-12,TATAMOTORS,356.5,367.0,356.4,362.35,10509775.0
2015-10-13,TATAMOTORS,360.0,365.25,355.05,361.1,9969583.0
2015-10-14,TATAMOTORS,358.75,360.25,351.1,352.3,7009418.0
2015-10-15,TATAMOTORS,355.3,383.75,355.3,381.3,19487376.0
2015-10-16,TATAMOTORS,388.6,390.95,380.65,386.2,16497652.0
2015-10-19,TATAMOTORS,384.0,384.0,376.25,378.7,7455714.0
2015-10-20,TATAMOTORS,379.0,395.75,377.4,383.15,15426131.0
2015-10-21,TATAMOTORS,379.95,386.4,378.55,381.45,8720671.0
2015-10-23,TATAMOTORS,383.9,388.8,382.0,383.0,6744440.0
2015-10-26,TATAMOTORS,386.45,389.9,383.25,384.6,5064657.0
2015-10-27,TATAMOTORS,383.0,386.95,382.2,383.35,4423221.0
2015-10-28,TATAMOTORS,382.8,390.75,382.2,386.3,8018683.0
2015-10-29,TATAMOTORS,388.95,396.8,384.25,391.2,15381516.0
2015-10-30,TATAMOTORS,389.75,390.8,383.5,384.95,6651831.0
2015-11-02,TATAMOTORS,386.1,392.05,384.4,387.95,7511675.0
2015-11-03,TATAMOTORS,391.25,391.25,380.8,382.05,5887746.0
2015-11-04,TATAMOTORS,390.05,407.25,390.05,404.85,13985828.0
2015-11-05,TATAMOTORS,403.6,412.8,401.45,404.0,12912937.0
2015-11-06,TATAMOTORS,399.9,404.4,392.5,396.15,11016134.0
2015-11-09,TATAMOTORS,374.0,413.5,373.05,411.75,22128119.0
2015-11-10,TATAMOTORS,408.0,417.4,402.7,407.45,12654616.0
2015-11-11,TATAMOTORS,408.75,414.0,408.05,411.3,1164924.0
2015-11-13,TATAMOTORS,411.35,417.5,401.8,403.95,11007237.0
2015-11-16,TATAMOTORS,401.0,404.85,394.2,400.25,7673487.0
2015-11-17,TATAMOTORS,403.0,410.7,398.55,407.5,6063987.0
2015-11-18,TATAMOTORS,407.95,413.5,403.25,406.25,6960097.0
2015-11-19,TATAMOTORS,409.9,409.9,403.5,406.95,5645524.0
2015-11-20,TATAMOTORS,408.5,410.7,401.35,402.85,5420173.0
2015-11-23,TATAMOTORS,400.35,404.4,396.5,402.1,4658448.0
2015-11-24,TATAMOTORS,399.1,406.5,397.05,400.95,5624579.0
2015-11-26,TATAMOTORS,404.75,426.45,404.0,424.4,15070353.0
2015-11-27,TATAMOTORS,425.55,431.9,416.45,417.65,9720127.0
2015-11-30,TATAMOTORS,419.9,429.6,418.0,423.25,9901753.0
2015-12-01,TATAMOTORS,427.0,427.0,416.1,417.35,6402692.0
2015-12-02,TATAMOTORS,415.9,418.9,410.3,413.15,6543300.0
2015-12-03,TATAMOTORS,408.7,411.9,404.25,405.6,5999323.0
2015-12-04,TATAMOTORS,402.5,411.5,398.7,399.95,8477407.0
2015-12-07,TATAMOTORS,402.9,403.0,395.3,399.15,6156323.0
2015-12-08,TATAMOTORS,396.95,406.95,396.1,402.4,7851653.0
2015-12-09,TATAMOTORS,402.8,405.0,392.75,393.95,6103583.0
2015-12-10,TATAMOTORS,401.2,401.2,385.25,389.6,10684178.0
2015-12-11,TATAMOTORS,390.9,392.65,375.3,377.95,6537672.0
2015-12-14,TATAMOTORS,369.75,373.5,360.5,371.6,12682481.0
2015-12-15,TATAMOTORS,371.25,380.95,365.5,379.5,7717531.0
2015-12-16,TATAMOTORS,375.9,385.0,372.85,380.45,11874858.0
2015-12-17,TATAMOTORS,385.0,387.0,376.05,382.95,7604665.0
2015-12-18,TATAMOTORS,381.9,384.8,376.8,378.25,6454322.0
2015-12-21,TATAMOTORS,379.1,382.55,377.5,380.15,4015631.0
2015-12-22,TATAMOTORS,380.9,382.8,377.2,378.1,3802024.0
2015-12-23,TATAMOTORS,379.9,380.85,377.5,378.45,3953766.0
2015-12-24,TATAMOTORS,380.9,384.75,377.6,382.4,4568751.0
2015-12-28,TATAMOTORS,384.9,395.0,383.75,394.0,7166351.0
2015-12-29,TATAMOTORS,392.9,397.5,388.75,391.85,7359611.0
2015-12-30,TATAMOTORS,392.0,395.0,390.5,393.45,4866177.0
2015-12-31,TATAMOTORS,394.0,395.75,389.15,391.3,6410622.0
2016-01-01,TATAMOTORS,392.5,403.0,373.0,401.9,4377363.0
2016-01-04,TATAMOTORS,400.0,400.1,375.05,377.05,7822660.0
2016-01-05,TATAMOTORS,381.05,382.45,372.1,374.45,6901068.0
2016-01-06,TATAMOTORS,374.25,375.5,364.6,365.9,7211230.0
2016-01-07,TATAMOTORS,356.25,358.0,338.1,343.55,11782307.0
2016-01-08,TATAMOTORS,345.6,355.85,345.6,353.35,8770370.0
2016-01-11,TATAMOTORS,343.9,364.75,341.65,360.2,10576721.0
2016-01-12,TATAMOTORS,362.7,363.95,351.6,355.0,8363062.0
2016-01-13,TATAMOTORS,360.45,369.8,356.3,364.6,14191511.0
2016-01-14,TATAMOTORS,356.1,359.4,346.8,354.3,10673343.0
2016-01-15,TATAMOTORS,353.9,353.9,339.35,341.3,6557584.0
2016-01-18,TATAMOTORS,341.0,343.3,334.4,340.2,6285144.0
2016-01-19,TATAMOTORS,343.0,357.2,342.0,354.15,7304555.0
2016-01-20,TATAMOTORS,349.65,349.65,338.8,342.25,9156596.0
2016-01-21,TATAMOTORS,340.65,344.15,323.0,328.55,16524035.0
2016-01-22,TATAMOTORS,335.5,345.9,331.5,339.5,9595392.0
2016-01-25,TATAMOTORS,345.5,345.5,331.15,332.6,6106931.0
2016-01-27,TATAMOTORS,338.0,341.0,333.2,337.05,8333202.0
2016-01-28,TATAMOTORS,336.3,341.4,332.3,334.2,13153617.0
2016-01-29,TATAMOTORS,332.0,340.6,324.2,336.9,10350998.0
2016-02-01,TATAMOTORS,338.75,342.4,332.25,338.5,6563774.0
2016-02-02,TATAMOTORS,343.8,344.7,327.7,329.55,9179304.0
2016-02-03,TATAMOTORS,325.55,325.95,317.05,320.3,6685445.0
2016-02-04,TATAMOTORS,325.3,329.3,321.2,325.5,6086981.0
2016-02-05,TATAMOTORS,330.5,339.0,326.65,337.1,9236577.0
2016-02-08,TATAMOTORS,334.95,334.95,321.35,323.5,6974342.0
2016-02-09,TATAMOTORS,319.5,322.65,308.8,310.65,12489713.0
2016-02-10,TATAMOTORS,309.85,309.95,288.25,291.55,21756193.0
2016-02-11,TATAMOTORS,298.5,300.0,265.8,276.35,21632886.0
2016-02-12,TATAMOTORS,281.0,303.95,271.6,298.35,21542152.0
2016-02-15,TATAMOTORS,297.9,320.75,297.7,317.25,18888699.0
2016-02-16,TATAMOTORS,319.4,324.2,298.9,301.15,13598374.0
2016-02-17,TATAMOTORS,302.95,313.5,298.65,310.15,13717526.0
2016-02-18,TATAMOTORS,315.15,319.1,306.2,314.0,12498247.0
2016-02-19,TATAMOTORS,312.1,320.0,311.1,318.2,7706462.0
2016-02-22,TATAMOTORS,320.0,324.2,313.6,318.85,8699779.0
2016-02-23,TATAMOTORS,324.0,324.75,314.45,318.55,11635881.0
2016-02-24,TATAMOTORS,316.0,316.0,304.75,306.3,7629905.0
2016-02-25,TATAMOTORS,309.8,312.2,296.2,298.2,12959812.0
2016-02-26,TATAMOTORS,303.2,305.2,297.6,301.8,9181680.0
2016-02-29,TATAMOTORS,303.2,305.75,290.25,299.7,12607181.0
2016-03-01,TATAMOTORS,301.1,317.0,301.1,315.35,11440045.0
2016-03-02,TATAMOTORS,322.9,326.0,314.35,317.1,12418149.0
2016-03-03,TATAMOTORS,324.5,339.8,321.5,336.7,12844057.0
2016-03-04,TATAMOTORS,340.15,348.75,338.65,343.5,8197520.0
2016-03-08,TATAMOTORS,346.5,353.75,341.5,346.05,7888999.0
2016-03-09,TATAMOTORS,339.9,349.0,336.0,347.7,6383925.0
2016-03-10,TATAMOTORS,347.0,353.6,341.4,348.5,7443048.0
2016-03-11,TATAMOTORS,348.5,355.9,345.15,354.25,7641330.0
2016-03-14,TATAMOTORS,359.9,370.55,358.95,366.45,13066837.0
2016-03-15,TATAMOTORS,366.9,370.7,359.55,360.4,9800731.0
2016-03-16,TATAMOTORS,359.95,362.75,353.3,359.55,7554537.0
2016-03-17,TATAMOTORS,366.9,367.4,358.6,360.9,6914296.0
2016-03-18,TATAMOTORS,362.5,367.8,362.5,366.05,6594019.0
2016-03-21,TATAMOTORS,367.25,375.5,365.75,374.7,9325793.0
2016-03-22,TATAMOTORS,376.95,381.5,370.4,377.2,8909026.0
2016-03-23,TATAMOTORS,378.0,379.45,374.05,377.0,5766182.0
2016-03-28,TATAMOTORS,375.5,375.5,361.5,363.3,8062793.0
2016-03-29,TATAMOTORS,364.0,378.95,363.05,372.45,9364810.0
2016-03-30,TATAMOTORS,380.5,391.5,376.8,388.6,10295891.0
2016-03-31,TATAMOTORS,387.9,393.6,380.5,386.6,10738707.0
2016-04-01,TATAMOTORS,386.4,386.4,377.7,379.65,5683771.0
2016-04-04,TATAMOTORS,385.95,391.0,382.4,388.4,6011729.0
2016-04-05,TATAMOTORS,386.0,386.0,369.0,370.5,6058241.0
2016-04-06,TATAMOTORS,373.7,382.4,372.05,376.7,7323269.0
2016-04-07,TATAMOTORS,375.95,384.8,370.3,375.2,8724110.0
2016-04-08,TATAMOTORS,375.5,380.05,370.5,371.45,4860484.0
2016-04-11,TATAMOTORS,373.95,387.8,373.9,386.65,6827449.0
2016-04-12,TATAMOTORS,387.95,397.4,387.15,395.8,7702684.0
2016-04-13,TATAMOTORS,400.0,411.75,398.15,408.75,12373115.0
2016-04-18,TATAMOTORS,407.65,409.9,402.5,407.35,5571076.0
2016-04-20,TATAMOTORS,407.0,410.35,400.65,404.1,7589901.0
2016-04-21,TATAMOTORS,408.7,417.2,406.0,411.5,9211869.0
2016-04-22,TATAMOTORS,412.1,420.5,408.0,417.0,5995998.0
2016-04-25,TATAMOTORS,417.6,417.6,410.0,412.2,3272996.0
2016-04-26,TATAMOTORS,408.65,423.65,405.05,419.05,6998505.0
2016-04-27,TATAMOTORS,418.95,425.25,414.65,418.55,6227941.0
2016-04-28,TATAMOTORS,418.8,420.95,409.7,411.35,7546101.0
2016-04-29,TATAMOTORS,410.0,413.7,403.05,408.35,6251095.0
2016-05-02,TATAMOTORS,407.95,410.45,402.5,407.7,4178821.0
2016-05-03,TATAMOTORS,410.9,422.0,407.8,409.65,9620804.0
2016-05-04,TATAMOTORS,405.5,405.5,380.1,381.8,12069134.0
2016-05-05,TATAMOTORS,384.0,396.05,383.15,391.15,9601341.0
2016-05-06,TATAMOTORS,388.6,400.9,384.5,398.7,9953672.0
2016-05-09,TATAMOTORS,400.35,405.2,395.15,403.35,8700283.0
2016-05-10,TATAMOTORS,400.8,400.8,387.15,388.95,9166453.0
2016-05-11,TATAMOTORS,384.8,391.95,376.1,379.85,11595875.0
2016-05-12,TATAMOTORS,379.0,388.6,379.0,387.05,6506343.0
2016-05-13,TATAMOTORS,391.25,394.0,385.5,389.95,14027896.0
2016-05-16,TATAMOTORS,393.8,396.7,389.0,392.7,8248193.0
2016-05-17,TATAMOTORS,392.6,395.0,386.6,389.7,9425555.0
2016-05-18,TATAMOTORS,383.5,387.35,381.6,384.85,8589315.0
2016-05-19,TATAMOTORS,386.25,393.3,381.95,386.9,10988676.0
2016-05-20,TATAMOTORS,386.7,392.7,383.5,384.45,6537509.0
2016-05-23,TATAMOTORS,388.55,389.95,380.1,381.75,8153090.0
2016-05-24,TATAMOTORS,383.8,391.75,382.65,389.1,10568106.0
2016-05-25,TATAMOTORS,394.0,399.95,394.0,397.0,8897382.0
2016-05-26,TATAMOTORS,400.5,402.0,396.75,399.25,8469732.0
2016-05-27,TATAMOTORS,400.0,405.0,396.0,403.9,9035525.0
2016-05-30,TATAMOTORS,404.8,423.6,401.3,421.25,15767133.0
2016-05-31,TATAMOTORS,456.0,464.9,445.0,459.65,110744326.0
2016-06-01,TATAMOTORS,455.75,458.3,445.0,449.2,10389215.0
2016-06-02,TATAMOTORS,444.1,460.5,444.1,453.45,13674434.0
2016-06-03,TATAMOTORS,458.05,461.8,452.5,453.95,11672544.0
2016-06-06,TATAMOTORS,457.8,465.0,450.2,460.5,9356808.0
2016-06-07,TATAMOTORS,466.45,466.45,459.0,463.05,12568902.0
2016-06-08,TATAMOTORS,465.5,468.8,463.2,466.15,10467158.0
2016-06-09,TATAMOTORS,469.45,470.25,465.0,467.15,8525017.0
2016-06-10,TATAMOTORS,466.75,466.75,454.5,456.95,7039858.0
2016-06-13,TATAMOTORS,451.0,451.4,436.7,444.25,9507282.0
2016-06-14,TATAMOTORS,446.9,453.85,441.15,448.4,9615226.0
2016-06-15,TATAMOTORS,449.9,453.0,447.25,452.1,5704865.0
2016-06-16,TATAMOTORS,449.7,455.5,446.05,454.35,7255454.0
2016-06-17,TATAMOTORS,461.0,465.75,457.3,464.4,7836702.0
2016-06-20,TATAMOTORS,464.75,484.2,460.25,482.05,9261350.0
2016-06-21,TATAMOTORS,484.0,486.2,477.6,484.9,8907801.0
2016-06-22,TATAMOTORS,483.05,484.8,468.05,472.7,7660165.0
2016-06-23,TATAMOTORS,476.1,489.9,476.1,487.95,9628216.0
2016-06-24,TATAMOTORS,439.2,453.75,421.25,449.4,40998600.0
2016-06-27,TATAMOTORS,451.8,457.25,443.6,448.95,12450283.0
2016-06-28,TATAMOTORS,448.0,448.0,433.0,440.4,10190394.0
2016-06-29,TATAMOTORS,447.1,449.8,445.4,447.25,6285461.0
2016-06-30,TATAMOTORS,454.3,462.25,451.55,459.25,13214064.0
2016-07-01,TATAMOTORS,463.6,464.75,454.7,457.9,7027759.0
2016-07-04,TATAMOTORS,467.0,474.85,467.0,469.5,8413087.0
2016-07-05,TATAMOTORS,468.5,469.0,459.5,460.9,4934087.0
2016-07-07,TATAMOTORS,460.95,465.45,454.1,455.15,6580663.0
2016-07-08,TATAMOTORS,464.3,468.2,462.65,466.3,9263727.0
2016-07-11,TATAMOTORS,472.1,486.8,472.1,484.6,10477166.0
2016-07-12,TATAMOTORS,486.0,488.65,481.1,484.3,6767972.0
2016-07-13,TATAMOTORS,485.95,488.1,477.95,481.1,5855718.0
2016-07-14,TATAMOTORS,480.1,489.3,478.95,486.1,5983007.0
2016-07-15,TATAMOTORS,480.0,501.7,479.65,494.0,8889558.0
2016-07-18,TATAMOTORS,495.0,505.0,490.0,492.65,7463954.0
2016-07-19,TATAMOTORS,493.9,503.5,493.45,499.25,7665519.0
2016-07-20,TATAMOTORS,496.3,502.45,492.45,493.9,5697901.0
2016-07-21,TATAMOTORS,498.45,500.0,489.7,491.05,3658371.0
2016-07-22,TATAMOTORS,494.45,508.45,493.5,507.2,5588143.0
2016-07-25,TATAMOTORS,505.5,510.95,503.35,509.0,4638151.0
2016-07-26,TATAMOTORS,506.05,513.35,502.1,503.25,6187499.0
2016-07-27,TATAMOTORS,507.75,513.05,505.5,510.1,5193425.0
2016-07-28,TATAMOTORS,510.0,511.9,498.75,506.85,6338260.0
2016-07-29,TATAMOTORS,507.8,510.5,501.1,503.2,3746332.0
2016-08-01,TATAMOTORS,506.8,514.9,505.5,508.25,4748497.0
2016-08-02,TATAMOTORS,510.0,511.2,491.15,493.3,5251838.0
2016-08-03,TATAMOTORS,494.5,499.5,475.5,478.4,7925049.0
2016-08-04,TATAMOTORS,490.1,501.45,488.6,500.0,9476008.0
2016-08-05,TATAMOTORS,507.2,518.7,502.15,516.4,6393514.0
2016-08-08,TATAMOTORS,518.2,522.6,513.4,514.8,4649302.0
2016-08-09,TATAMOTORS,521.0,522.0,509.2,513.8,6015760.0
2016-08-10,TATAMOTORS,515.6,516.5,502.3,503.45,6371139.0
2016-08-11,TATAMOTORS,503.75,505.0,495.1,503.25,4112806.0
2016-08-12,TATAMOTORS,506.9,519.5,506.15,516.8,7167435.0
2016-08-16,TATAMOTORS,512.95,515.0,503.3,507.6,6034295.0
2016-08-17,TATAMOTORS,511.1,514.25,505.85,510.4,5853980.0
2016-08-18,TATAMOTORS,512.4,517.9,510.75,512.05,4990558.0
2016-08-19,TATAMOTORS,514.0,515.0,508.2,510.0,4567273.0
2016-08-22,TATAMOTORS,509.1,513.6,503.1,503.95,4330313.0
2016-08-23,TATAMOTORS,505.25,508.6,500.45,504.0,5342115.0
2016-08-24,TATAMOTORS,504.7,506.05,493.6,498.35,5189459.0
2016-08-25,TATAMOTORS,498.35,503.3,491.3,493.85,8787262.0
2016-08-26,TATAMOTORS,502.0,515.35,486.0,503.75,16347856.0
2016-08-29,TATAMOTORS,522.5,528.75,515.4,525.3,12534399.0
2016-08-30,TATAMOTORS,528.5,530.8,524.1,529.0,6611147.0
2016-08-31,TATAMOTORS,529.0,548.8,529.0,537.7,15725942.0
2016-09-01,TATAMOTORS,540.5,546.65,540.0,543.65,7571854.0
2016-09-02,TATAMOTORS,552.0,555.9,549.1,549.85,10097146.0
2016-09-06,TATAMOTORS,556.35,593.3,556.35,588.7,15813178.0
2016-09-07,TATAMOTORS,590.0,598.4,584.0,587.4,13408927.0
2016-09-08,TATAMOTORS,590.75,591.7,577.75,584.2,10456258.0
2016-09-09,TATAMOTORS,580.0,582.95,571.7,573.25,7159068.0
2016-09-12,TATAMOTORS,551.0,560.0,549.25,553.45,7055294.0
2016-09-14,TATAMOTORS,556.25,565.35,544.1,560.5,12364724.0
2016-09-15,TATAMOTORS,562.0,566.25,555.4,557.55,5258859.0
2016-09-16,TATAMOTORS,562.4,568.2,546.35,548.7,10931845.0
2016-09-19,TATAMOTORS,553.8,556.4,549.45,554.45,6979269.0
2016-09-20,TATAMOTORS,555.0,556.3,545.5,548.45,6874462.0
2016-09-21,TATAMOTORS,548.6,556.4,544.0,549.9,5919149.0
2016-09-22,TATAMOTORS,561.2,562.95,551.35,558.45,6012388.0
2016-09-23,TATAMOTORS,558.5,558.5,551.2,553.05,4840360.0
2016-09-26,TATAMOTORS,549.95,549.95,533.75,535.3,6858574.0
2016-09-27,TATAMOTORS,537.7,542.0,530.25,531.95,4912743.0
2016-09-28,TATAMOTORS,533.0,545.4,531.5,540.0,6604953.0
2016-09-29,TATAMOTORS,543.0,546.9,516.65,526.3,9315794.0
2016-09-30,TATAMOTORS,525.6,536.55,521.2,534.85,5659248.0
2016-10-03,TATAMOTORS,539.4,546.0,539.0,540.8,4505939.0
2016-10-04,TATAMOTORS,547.4,552.4,540.65,549.95,5715454.0
2016-10-05,TATAMOTORS,555.3,562.4,549.75,559.65,5929204.0
2016-10-06,TATAMOTORS,563.1,564.2,549.1,551.45,4273945.0
2016-10-07,TATAMOTORS,554.5,567.3,552.6,565.7,9122002.0
2016-10-10,TATAMOTORS,571.1,571.1,560.9,562.05,3673211.0
2016-10-13,TATAMOTORS,556.9,556.9,537.0,544.85,9510827.0
2016-10-14,TATAMOTORS,546.0,557.45,545.0,556.1,5872827.0
2016-10-17,TATAMOTORS,557.85,557.85,545.9,547.55,3463154.0
2016-10-18,TATAMOTORS,549.2,556.0,549.2,554.25,3965424.0
2016-10-19,TATAMOTORS,552.05,554.9,545.05,550.5,4275157.0
2016-10-20,TATAMOTORS,553.05,554.0,546.0,546.85,2770011.0
2016-10-21,TATAMOTORS,549.0,550.0,541.5,544.5,2789747.0
2016-10-24,TATAMOTORS,544.0,564.0,543.55,559.8,5161299.0
2016-10-25,TATAMOTORS,549.85,561.0,549.1,553.8,5690576.0
2016-10-26,TATAMOTORS,548.0,548.0,523.15,530.05,6665017.0
2016-10-27,TATAMOTORS,515.6,525.75,510.75,522.0,18470182.0
2016-10-28,TATAMOTORS,527.0,539.95,525.1,537.0,5665910.0
2016-10-30,TATAMOTORS,536.4,536.4,529.5,531.95,622999.0
2016-11-01,TATAMOTORS,534.4,537.9,525.05,530.6,6848662.0
2016-11-02,TATAMOTORS,522.6,526.0,512.35,513.3,4750117.0
2016-11-03,TATAMOTORS,509.8,521.45,505.2,510.2,6909458.0
2016-11-04,TATAMOTORS,509.25,516.35,501.6,512.3,7564243.0
2016-11-07,TATAMOTORS,513.0,521.3,505.05,506.35,5507954.0
2016-11-08,TATAMOTORS,518.4,543.0,517.0,540.2,12739083.0
2016-11-09,TATAMOTORS,501.15,544.0,500.0,533.5,10276017.0
2016-11-10,TATAMOTORS,536.0,549.35,531.5,533.7,6906437.0
2016-11-11,TATAMOTORS,526.5,530.0,505.0,507.3,7823667.0
2016-11-15,TATAMOTORS,484.9,484.9,453.0,457.4,15356070.0
2016-11-16,TATAMOTORS,468.45,471.7,450.0,458.45,10855618.0
2016-11-17,TATAMOTORS,460.0,476.0,459.65,472.85,8949767.0
2016-11-18,TATAMOTORS,469.9,473.85,461.85,471.25,7246244.0
2016-11-21,TATAMOTORS,468.0,472.8,451.5,456.95,7325876.0
2016-11-22,TATAMOTORS,464.05,471.0,453.3,464.85,6644867.0
2016-11-23,TATAMOTORS,467.0,475.3,462.0,471.5,6727083.0
2016-11-24,TATAMOTORS,466.35,466.35,449.7,452.95,8046995.0
2016-11-25,TATAMOTORS,454.1,456.35,443.15,452.35,7426347.0
2016-11-28,TATAMOTORS,451.25,460.0,450.5,454.7,5025929.0
2016-11-29,TATAMOTORS,455.0,466.3,451.35,459.85,8570549.0
2016-11-30,TATAMOTORS,460.0,463.8,455.1,459.3,8377510.0
2016-12-01,TATAMOTORS,457.0,457.7,446.9,448.2,7706825.0
2016-12-02,TATAMOTORS,445.0,453.5,431.15,432.9,10450654.0
2016-12-05,TATAMOTORS,436.0,441.0,428.3,439.3,8211182.0
2016-12-06,TATAMOTORS,441.0,445.9,438.1,441.1,4209420.0
2016-12-07,TATAMOTORS,440.0,449.2,439.25,445.35,5559803.0
2016-12-08,TATAMOTORS,451.2,464.4,451.2,461.55,8176055.0
2016-12-09,TATAMOTORS,464.95,468.55,460.6,464.1,5690877.0
2016-12-12,TATAMOTORS,461.95,461.95,451.05,454.4,3837786.0
2016-12-13,TATAMOTORS,476.8,486.25,462.25,470.65,63880404.0
2016-12-14,TATAMOTORS,470.2,476.8,462.65,472.35,7660437.0
2016-12-15,TATAMOTORS,464.0,473.6,462.5,463.2,6539067.0
2016-12-16,TATAMOTORS,465.0,474.9,464.2,473.15,9015744.0
2016-12-19,TATAMOTORS,470.9,478.55,465.5,471.8,5445624.0
2016-12-20,TATAMOTORS,473.0,475.0,469.1,473.15,3690160.0
2016-12-21,TATAMOTORS,473.5,474.5,467.1,468.5,3492856.0
2016-12-22,TATAMOTORS,468.15,472.95,464.8,469.6,5436494.0
2016-12-23,TATAMOTORS,464.95,468.3,460.0,465.65,3957854.0
2016-12-26,TATAMOTORS,465.5,465.5,455.6,457.85,3282425.0
2016-12-27,TATAMOTORS,460.0,468.75,457.4,466.95,3164664.0
2016-12-28,TATAMOTORS,467.0,468.65,462.0,463.35,3772181.0
2016-12-29,TATAMOTORS,462.75,472.7,459.35,470.9,4763171.0
2016-12-30,TATAMOTORS,471.0,475.0,467.5,472.0,3605555.0
2017-01-02,TATAMOTORS,472.0,488.7,469.05,487.05,4024156.0
2017-01-03,TATAMOTORS,491.0,492.7,479.9,481.1,5814518.0
2017-01-04,TATAMOTORS,484.65,493.7,484.1,486.65,4769872.0
2017-01-05,TATAMOTORS,496.0,503.4,495.55,502.15,7961242.0
2017-01-06,TATAMOTORS,502.95,507.95,496.25,497.75,4907475.0
2017-01-09,TATAMOTORS,499.4,504.6,492.15,500.15,3932710.0
2017-01-10,TATAMOTORS,506.55,518.0,505.95,516.25,7973024.0
2017-01-11,TATAMOTORS,520.25,523.95,517.15,519.25,4886398.0
2017-01-12,TATAMOTORS,521.7,524.0,513.2,518.25,4219627.0
2017-01-13,TATAMOTORS,523.25,523.25,507.5,514.85,6367248.0
2017-01-16,TATAMOTORS,518.65,529.45,517.0,526.4,6084582.0
2017-01-17,TATAMOTORS,528.1,530.8,521.0,523.7,4297426.0
2017-01-18,TATAMOTORS,523.05,529.6,521.2,522.45,5874608.0
2017-01-19,TATAMOTORS,523.0,535.6,522.7,531.45,5810128.0
2017-01-20,TATAMOTORS,527.4,529.3,521.25,523.2,5013928.0
2017-01-23,TATAMOTORS,523.2,534.95,523.0,532.7,4209879.0
2017-01-24,TATAMOTORS,533.0,543.0,532.35,541.55,5183630.0
2017-01-25,TATAMOTORS,543.25,551.9,541.55,548.9,4504941.0
2017-01-27,TATAMOTORS,549.0,552.0,539.75,541.95,4493803.0
2017-01-30,TATAMOTORS,542.0,543.5,530.8,532.3,4163428.0
2017-01-31,TATAMOTORS,530.2,531.5,518.0,523.55,6035022.0
2017-02-01,TATAMOTORS,527.5,544.5,522.9,542.25,4786720.0
2017-02-02,TATAMOTORS,537.6,537.6,526.8,531.5,6579801.0
2017-02-03,TATAMOTORS,531.9,531.9,519.5,522.6,5298261.0
2017-02-06,TATAMOTORS,527.9,531.45,523.2,525.85,3642527.0
2017-02-07,TATAMOTORS,524.8,524.8,502.0,506.8,7987282.0
2017-02-08,TATAMOTORS,512.35,514.95,506.3,513.05,5975054.0
2017-02-09,TATAMOTORS,515.4,518.0,505.75,512.85,4099871.0
2017-02-10,TATAMOTORS,513.0,514.8,506.5,509.55,4732032.0
2017-02-13,TATAMOTORS,512.7,512.7,503.3,505.3,4700518.0
2017-02-14,TATAMOTORS,503.0,506.7,466.55,482.05,14901414.0
2017-02-15,TATAMOTORS,449.05,453.0,434.35,436.45,38638630.0
2017-02-16,TATAMOTORS,442.55,447.6,435.4,446.0,11622714.0
2017-02-17,TATAMOTORS,447.9,456.6,442.4,452.95,10063504.0
2017-02-20,TATAMOTORS,451.5,458.45,449.0,455.45,5866707.0
2017-02-21,TATAMOTORS,456.9,462.8,454.5,458.65,6875914.0
2017-02-22,TATAMOTORS,460.25,466.7,455.8,460.05,7315280.0
2017-02-23,TATAMOTORS,464.0,464.7,457.25,462.35,9492419.0
2017-02-27,TATAMOTORS,464.0,464.0,455.1,457.8,5510484.0
2017-02-28,TATAMOTORS,460.0,460.0,454.1,456.75,5722402.0
2017-03-01,TATAMOTORS,455.9,455.9,448.0,449.45,8367579.0
2017-03-02,TATAMOTORS,457.85,467.9,453.2,461.7,13667695.0
2017-03-03,TATAMOTORS,463.3,466.85,458.6,459.95,7085620.0
2017-03-06,TATAMOTORS,462.5,472.7,462.1,470.8,4036291.0
2017-03-07,TATAMOTORS,469.5,475.9,466.05,467.55,7114541.0
2017-03-08,TATAMOTORS,469.4,469.6,461.15,462.8,5351597.0
2017-03-09,TATAMOTORS,462.45,469.7,462.0,467.6,3837624.0
2017-03-10,TATAMOTORS,471.0,471.85,465.1,469.1,5766815.0
2017-03-14,TATAMOTORS,481.0,483.0,468.45,469.75,6348198.0
2017-03-15,TATAMOTORS,475.0,476.55,470.65,473.45,4801312.0
2017-03-16,TATAMOTORS,478.7,482.0,476.15,480.95,6272947.0
2017-03-17,TATAMOTORS,481.35,484.2,471.7,476.5,6338248.0
2017-03-20,TATAMOTORS,476.55,478.2,470.75,476.0,2871104.0
2017-03-21,TATAMOTORS,478.0,478.05,470.65,473.75,4685410.0
2017-03-22,TATAMOTORS,469.95,469.95,458.5,459.9,4695648.0
2017-03-23,TATAMOTORS,461.3,477.0,461.3,472.9,8665384.0
2017-03-24,TATAMOTORS,470.75,474.8,467.55,470.4,4296510.0
2017-03-27,TATAMOTORS,469.0,469.15,462.1,464.75,4417413.0
2017-03-28,TATAMOTORS,467.5,473.0,467.5,472.4,2982614.0
2017-03-29,TATAMOTORS,474.9,475.0,463.6,469.05,6680569.0
2017-03-30,TATAMOTORS,463.5,469.8,462.85,468.4,9482785.0
2017-03-31,TATAMOTORS,466.5,472.5,464.5,465.85,6400088.0
2017-04-03,TATAMOTORS,468.25,472.3,467.6,470.4,2951896.0
2017-04-05,TATAMOTORS,470.4,475.0,467.25,473.5,5287168.0
2017-04-06,TATAMOTORS,474.3,478.5,470.6,473.2,6703078.0
2017-04-07,TATAMOTORS,468.45,480.55,466.65,468.3,8089461.0
2017-04-10,TATAMOTORS,471.65,478.3,467.55,474.9,5437523.0
2017-04-11,TATAMOTORS,477.9,478.35,471.1,472.25,4887918.0
2017-04-12,TATAMOTORS,468.7,471.55,461.6,464.55,5991598.0
2017-04-13,TATAMOTORS,461.85,463.35,451.2,453.35,5930185.0
2017-04-17,TATAMOTORS,452.0,455.7,447.3,449.2,4913930.0
2017-04-18,TATAMOTORS,452.0,455.75,442.5,443.7,4235130.0
2017-04-19,TATAMOTORS,443.0,449.5,438.3,443.05,6319332.0
2017-04-20,TATAMOTORS,447.85,447.85,442.1,443.95,3288900.0
2017-04-21,TATAMOTORS,446.75,448.45,437.6,440.6,5325590.0
2017-04-24,TATAMOTORS,439.8,449.0,438.75,443.85,6214069.0
2017-04-25,TATAMOTORS,445.85,447.75,443.3,445.65,5894090.0
2017-04-26,TATAMOTORS,446.0,454.4,445.5,450.8,8438042.0
2017-04-27,TATAMOTORS,455.0,460.9,452.7,455.35,10589249.0
2017-04-28,TATAMOTORS,457.1,462.0,454.4,458.9,5126904.0
2017-05-02,TATAMOTORS,456.6,457.2,448.55,451.25,6071958.0
2017-05-03,TATAMOTORS,451.35,456.0,444.65,446.6,5158586.0
2017-05-04,TATAMOTORS,446.65,448.1,435.15,436.5,6204022.0
2017-05-05,TATAMOTORS,436.5,436.5,418.0,419.6,9487539.0
2017-05-08,TATAMOTORS,424.75,428.7,417.25,422.65,7427873.0
2017-05-09,TATAMOTORS,424.75,428.8,422.7,426.8,2833132.0
2017-05-10,TATAMOTORS,427.8,433.0,424.0,432.3,5378402.0
2017-05-11,TATAMOTORS,434.0,434.5,425.4,427.45,4049649.0
2017-05-12,TATAMOTORS,429.65,433.8,427.45,430.85,3850940.0
2017-05-15,TATAMOTORS,434.0,434.0,430.1,431.9,1885702.0
2017-05-16,TATAMOTORS,432.25,439.5,432.25,437.25,3452072.0
2017-05-17,TATAMOTORS,436.5,452.5,435.1,449.1,6572678.0
2017-05-18,TATAMOTORS,442.0,448.7,436.0,437.95,6158546.0
2017-05-19,TATAMOTORS,439.0,444.95,434.6,443.35,4387481.0
2017-05-22,TATAMOTORS,446.0,452.75,442.6,449.65,6145914.0
2017-05-23,TATAMOTORS,451.45,456.45,444.3,450.5,10330814.0
2017-05-24,TATAMOTORS,470.0,473.35,458.1,469.55,27370795.0
2017-05-25,TATAMOTORS,470.0,479.0,464.7,476.0,15108872.0
2017-05-26,TATAMOTORS,474.1,488.25,473.5,481.1,7692869.0
2017-05-29,TATAMOTORS,482.5,485.0,471.8,481.5,4253044.0
2017-05-30,TATAMOTORS,482.7,487.0,480.0,481.3,3101380.0
2017-05-31,TATAMOTORS,482.3,483.0,474.8,476.15,5393856.0
2017-06-01,TATAMOTORS,476.95,479.7,473.55,476.65,3001232.0
2017-06-02,TATAMOTORS,480.0,485.95,477.7,478.75,4319080.0
2017-06-05,TATAMOTORS,478.3,481.9,475.2,478.15,2464819.0
2017-06-06,TATAMOTORS,482.9,484.35,457.6,461.0,8016939.0
2017-06-07,TATAMOTORS,462.55,463.65,453.5,458.0,5250544.0
2017-06-08,TATAMOTORS,459.5,463.45,457.35,460.8,4066322.0
2017-06-09,TATAMOTORS,459.95,468.0,455.0,467.1,4598706.0
2017-06-12,TATAMOTORS,463.75,465.25,455.2,456.25,4341696.0
2017-06-13,TATAMOTORS,457.15,458.75,448.0,449.55,3577406.0
2017-06-14,TATAMOTORS,450.8,453.4,447.05,451.95,3605931.0
2017-06-15,TATAMOTORS,452.0,457.85,446.95,448.3,3879154.0
2017-06-16,TATAMOTORS,454.7,458.4,452.0,455.75,7042094.0
2017-06-19,TATAMOTORS,453.8,456.4,450.5,452.35,3869675.0
2017-06-20,TATAMOTORS,457.0,470.75,456.0,467.4,12014975.0
2017-06-21,TATAMOTORS,466.0,466.0,455.5,457.3,5436141.0
2017-06-22,TATAMOTORS,458.85,463.0,451.6,452.7,5008885.0
2017-06-23,TATAMOTORS,454.0,456.5,442.4,443.15,6753648.0
2017-06-27,TATAMOTORS,443.8,444.5,434.4,442.3,5915274.0
2017-06-28,TATAMOTORS,443.9,446.8,440.15,442.5,4960238.0
2017-06-29,TATAMOTORS,444.5,446.25,434.0,435.6,11085101.0
2017-06-30,TATAMOTORS,433.9,435.6,428.05,432.55,4776892.0
2017-07-03,TATAMOTORS,431.5,434.7,426.25,430.25,6230025.0
2017-07-04,TATAMOTORS,434.2,436.4,426.0,426.9,5020683.0
2017-07-05,TATAMOTORS,428.9,433.95,427.4,431.75,5050749.0
2017-07-06,TATAMOTORS,435.4,438.8,433.8,437.1,4038188.0
2017-07-07,TATAMOTORS,434.45,441.45,432.25,436.85,5311730.0
2017-07-10,TATAMOTORS,460.0,460.0,442.55,446.95,1189742.0
2017-07-11,TATAMOTORS,452.0,462.3,451.0,456.95,12069006.0
2017-07-12,TATAMOTORS,461.0,463.8,456.6,461.0,6051540.0
2017-07-13,TATAMOTORS,464.5,464.5,455.55,459.05,4382063.0
2017-07-14,TATAMOTORS,460.0,460.0,450.4,451.3,3974269.0
2017-07-17,TATAMOTORS,455.0,458.35,453.25,454.15,4922453.0
2017-07-18,TATAMOTORS,452.6,459.5,452.6,456.15,2349268.0
2017-07-19,TATAMOTORS,453.0,462.9,453.0,460.6,3395937.0
2017-07-20,TATAMOTORS,463.5,464.35,457.35,460.15,3318626.0
2017-07-21,TATAMOTORS,460.0,465.9,457.6,464.6,3150269.0
2017-07-24,TATAMOTORS,464.95,468.35,461.0,464.0,3773074.0
2017-07-25,TATAMOTORS,462.15,464.7,454.7,456.1,7052112.0
2017-07-26,TATAMOTORS,457.2,458.7,455.0,457.3,3641559.0
2017-07-27,TATAMOTORS,459.0,460.95,440.3,445.4,13738611.0
2017-07-28,TATAMOTORS,444.6,447.45,442.45,445.85,3365171.0
2017-07-31,TATAMOTORS,446.25,449.7,443.7,444.6,3804621.0
2017-08-01,TATAMOTORS,446.55,452.35,445.7,446.9,4012791.0
2017-08-02,TATAMOTORS,449.5,449.95,438.15,440.35,4045533.0
2017-08-03,TATAMOTORS,441.0,441.5,429.6,431.45,6197142.0
2017-08-04,TATAMOTORS,435.1,438.75,433.45,435.6,4166729.0
2017-08-07,TATAMOTORS,438.6,439.8,425.3,430.0,6461815.0
2017-08-08,TATAMOTORS,432.0,435.5,426.0,430.0,7134979.0
2017-08-09,TATAMOTORS,428.8,429.9,415.0,416.05,10849567.0
2017-08-10,TATAMOTORS,401.0,403.6,375.25,380.2,28114017.0
2017-08-11,TATAMOTORS,376.0,379.1,358.5,374.5,14699477.0
2017-08-14,TATAMOTORS,380.0,381.8,372.6,375.4,8216208.0
2017-08-16,TATAMOTORS,379.45,390.7,375.5,389.25,11019760.0
2017-08-17,TATAMOTORS,392.45,392.45,384.5,385.3,5971420.0
2017-08-18,TATAMOTORS,381.75,383.0,377.0,380.4,5856198.0
2017-08-21,TATAMOTORS,382.0,382.55,371.3,374.35,5123101.0
2017-08-22,TATAMOTORS,378.8,379.95,372.25,373.6,4163794.0
2017-08-23,TATAMOTORS,376.0,381.15,373.35,379.95,4448871.0
2017-08-24,TATAMOTORS,380.1,385.95,380.1,384.15,5208541.0
2017-08-28,TATAMOTORS,385.85,387.4,378.3,379.3,4403872.0
2017-08-29,TATAMOTORS,379.0,382.35,374.45,376.1,4689547.0
2017-08-30,TATAMOTORS,380.85,382.75,377.45,378.5,3734824.0
2017-08-31,TATAMOTORS,380.05,380.45,375.8,376.55,4685511.0
2017-09-01,TATAMOTORS,379.35,392.85,378.65,390.85,7380325.0
2017-09-04,TATAMOTORS,393.0,396.05,380.5,383.4,8433560.0
2017-09-05,TATAMOTORS,385.7,389.5,383.4,388.15,4477993.0
2017-09-06,TATAMOTORS,385.0,386.7,381.85,382.7,5953907.0
2017-09-07,TATAMOTORS,383.7,384.4,376.0,378.15,7938665.0
2017-09-08,TATAMOTORS,381.0,381.8,374.05,375.05,7471355.0
2017-09-11,TATAMOTORS,380.0,380.0,374.2,375.3,5402725.0
2017-09-12,TATAMOTORS,378.7,390.0,375.5,388.25,9266823.0
2017-09-13,TATAMOTORS,391.0,393.95,387.2,389.65,6537279.0
2017-09-14,TATAMOTORS,390.75,406.6,390.25,404.4,11476571.0
2017-09-15,TATAMOTORS,402.85,406.75,400.0,401.75,9675506.0
2017-09-18,TATAMOTORS,411.85,413.0,403.2,404.95,8966503.0
2017-09-19,TATAMOTORS,415.0,427.7,414.0,423.65,28208471.0
2017-09-20,TATAMOTORS,422.75,422.75,413.0,414.8,5179160.0
2017-09-21,TATAMOTORS,415.4,418.45,408.8,413.65,6946502.0
2017-09-22,TATAMOTORS,414.0,422.15,408.85,411.8,9781308.0
2017-09-25,TATAMOTORS,413.65,415.3,404.6,408.2,6957357.0
2017-09-26,TATAMOTORS,409.4,413.9,403.3,411.25,5077291.0
2017-09-27,TATAMOTORS,413.5,414.25,402.0,404.9,4727360.0
2017-09-28,TATAMOTORS,406.95,406.95,399.0,401.4,4850748.0
2017-09-29,TATAMOTORS,401.4,405.0,397.4,401.5,7520906.0
2017-10-03,TATAMOTORS,428.0,428.0,415.0,416.0,9696920.0
2017-10-04,TATAMOTORS,417.55,426.0,412.7,423.55,7663143.0
2017-10-05,TATAMOTORS,423.0,425.8,420.1,423.3,4606192.0
2017-10-06,TATAMOTORS,422.0,426.0,416.2,424.85,5308695.0
2017-10-09,TATAMOTORS,424.0,432.1,423.05,425.6,4414381.0
2017-10-10,TATAMOTORS,425.6,428.9,421.4,423.6,5057869.0
2017-10-11,TATAMOTORS,424.9,424.9,414.1,415.5,4320451.0
2017-10-12,TATAMOTORS,415.5,421.8,409.35,420.15,5442846.0
2017-10-13,TATAMOTORS,421.0,429.3,418.9,424.8,6969434.0
2017-10-16,TATAMOTORS,426.3,438.0,425.85,437.05,8476709.0
2017-10-17,TATAMOTORS,435.75,435.75,430.2,432.3,5135763.0
2017-10-18,TATAMOTORS,432.25,437.3,426.6,433.2,5539785.0
2017-10-19,TATAMOTORS,433.0,433.1,424.25,426.95,1313380.0
2017-10-23,TATAMOTORS,429.1,430.85,421.0,422.75,4013418.0
2017-10-24,TATAMOTORS,422.75,423.8,415.05,416.05,4541742.0
2017-10-25,TATAMOTORS,421.0,424.4,415.1,421.95,5666968.0
2017-10-26,TATAMOTORS,421.7,422.4,417.0,419.4,6207936.0
2017-10-27,TATAMOTORS,422.05,434.35,422.05,429.9,7414741.0
2017-10-30,TATAMOTORS,428.25,440.95,428.25,436.55,7675104.0
2017-10-31,TATAMOTORS,438.85,438.85,427.3,428.4,6214996.0
2017-11-01,TATAMOTORS,430.95,439.95,428.45,437.75,7310931.0
2017-11-02,TATAMOTORS,435.7,440.4,429.9,434.9,8262211.0
2017-11-03,TATAMOTORS,434.0,449.35,432.65,447.7,8116263.0
2017-11-06,TATAMOTORS,445.75,468.0,443.55,462.9,19456789.0
2017-11-07,TATAMOTORS,458.2,465.9,450.05,451.85,13266543.0
2017-11-08,TATAMOTORS,448.0,455.0,431.3,438.2,11193613.0
2017-11-09,TATAMOTORS,442.1,450.9,425.65,440.15,40547266.0
2017-11-10,TATAMOTORS,438.95,438.95,420.0,422.55,22534490.0
2017-11-13,TATAMOTORS,423.0,427.5,416.1,418.1,9857544.0
2017-11-14,TATAMOTORS,418.55,421.85,410.65,414.3,8987515.0
2017-11-15,TATAMOTORS,414.3,417.55,407.0,408.65,9867270.0
2017-11-16,TATAMOTORS,411.35,415.9,411.35,413.45,6291441.0
2017-11-17,TATAMOTORS,419.45,423.45,417.0,421.8,6191428.0
2017-11-20,TATAMOTORS,421.0,425.7,420.1,423.0,4051153.0
2017-11-21,TATAMOTORS,424.45,430.0,422.5,424.25,6745407.0
2017-11-22,TATAMOTORS,425.45,433.0,424.5,428.6,7899417.0
2017-11-23,TATAMOTORS,428.6,431.05,422.45,426.25,7374216.0
2017-11-24,TATAMOTORS,427.0,429.95,424.25,425.5,5108182.0
2017-11-27,TATAMOTORS,423.0,424.75,417.8,421.4,7946028.0
2017-11-28,TATAMOTORS,419.8,422.25,414.5,415.95,6217480.0
2017-11-29,TATAMOTORS,415.9,419.45,412.05,413.95,4327453.0
2017-11-30,TATAMOTORS,410.4,412.25,402.25,404.15,25646262.0
2017-12-01,TATAMOTORS,407.9,410.25,396.5,398.9,7959197.0
2017-12-04,TATAMOTORS,405.8,411.25,401.7,403.65,10043491.0
2017-12-05,TATAMOTORS,404.55,405.5,396.55,402.25,7144542.0
2017-12-06,TATAMOTORS,400.2,404.0,395.0,397.05,5573968.0
2017-12-07,TATAMOTORS,398.0,405.3,397.15,402.0,7998863.0
2017-12-08,TATAMOTORS,406.0,413.75,406.0,411.15,12288946.0
2017-12-11,TATAMOTORS,412.0,415.2,409.05,410.15,5066242.0
2017-12-12,TATAMOTORS,411.55,415.5,405.95,406.85,6151197.0
2017-12-13,TATAMOTORS,407.0,409.85,400.0,401.95,5140689.0
2017-12-14,TATAMOTORS,404.0,404.55,398.2,402.4,4674026.0
2017-12-15,TATAMOTORS,406.5,409.0,404.2,405.1,5614113.0
2017-12-18,TATAMOTORS,399.0,409.9,389.3,405.8,5356208.0
2017-12-19,TATAMOTORS,407.35,421.7,407.35,420.1,9686883.0
2017-12-20,TATAMOTORS,421.95,427.75,419.25,422.6,11191127.0
2017-12-21,TATAMOTORS,424.0,426.05,419.55,420.8,4885225.0
2017-12-22,TATAMOTORS,422.05,426.4,420.9,422.0,5345261.0
2017-12-26,TATAMOTORS,422.0,425.15,421.15,424.2,3700655.0
2017-12-27,TATAMOTORS,423.5,428.45,420.3,422.45,3673355.0
2017-12-28,TATAMOTORS,423.5,423.7,416.0,418.6,5018893.0
2017-12-29,TATAMOTORS,418.0,433.45,417.15,431.85,8640908.0
2018-01-01,TATAMOTORS,430.95,436.4,422.25,424.45,6807536.0
2018-01-02,TATAMOTORS,428.85,440.85,422.0,439.3,15331261.0
2018-01-03,TATAMOTORS,440.4,441.4,431.95,433.9,9794953.0
2018-01-04,TATAMOTORS,430.0,433.3,425.75,429.95,8395377.0
2018-01-05,TATAMOTORS,431.25,436.35,429.8,431.6,7021611.0
2018-01-08,TATAMOTORS,432.0,436.2,431.65,433.55,4635214.0
2018-01-09,TATAMOTORS,434.25,443.5,433.0,437.55,12629045.0
2018-01-10,TATAMOTORS,438.0,439.3,431.3,433.3,4702579.0
2018-01-11,TATAMOTORS,433.5,437.6,432.9,434.75,4565005.0
2018-01-12,TATAMOTORS,437.0,441.45,432.1,437.1,7408870.0
2018-01-15,TATAMOTORS,438.05,440.05,431.05,432.35,4042775.0
2018-01-16,TATAMOTORS,433.0,435.2,419.5,421.9,5623745.0
2018-01-17,TATAMOTORS,422.05,424.5,410.1,422.95,10204447.0
2018-01-18,TATAMOTORS,424.0,428.3,414.45,418.95,9579830.0
2018-01-19,TATAMOTORS,415.2,421.95,415.05,418.05,3894062.0
2018-01-22,TATAMOTORS,419.05,424.4,418.45,421.9,4643782.0
2018-01-23,TATAMOTORS,422.8,422.8,414.75,418.0,6185011.0
2018-01-24,TATAMOTORS,416.0,416.25,402.65,403.6,10789570.0
2018-01-25,TATAMOTORS,403.45,407.65,398.0,400.3,16312167.0
2018-01-29,TATAMOTORS,402.5,405.9,398.1,399.25,5789602.0
2018-01-30,TATAMOTORS,400.0,402.3,395.0,395.85,6963005.0
2018-01-31,TATAMOTORS,395.5,400.95,395.25,399.5,5111454.0
2018-02-01,TATAMOTORS,399.9,403.8,390.55,393.65,7259426.0
2018-02-02,TATAMOTORS,392.0,397.4,381.3,383.75,10070356.0
2018-02-05,TATAMOTORS,381.0,398.0,380.0,395.8,9876017.0
2018-02-06,TATAMOTORS,363.0,379.85,356.5,375.45,25294860.0
2018-02-07,TATAMOTORS,380.4,385.4,375.2,377.8,12706795.0
2018-02-08,TATAMOTORS,379.9,380.0,372.2,374.85,12452396.0
2018-02-09,TATAMOTORS,369.9,373.2,368.0,368.75,8816777.0
2018-02-12,TATAMOTORS,373.4,376.2,370.2,371.8,6002369.0
2018-02-14,TATAMOTORS,372.9,382.3,370.6,376.85,9623436.0
2018-02-15,TATAMOTORS,379.8,382.2,373.1,375.8,10225880.0
2018-02-16,TATAMOTORS,378.0,379.4,367.6,370.75,8545282.0
2018-02-19,TATAMOTORS,373.7,374.7,362.8,368.75,5658765.0
2018-02-20,TATAMOTORS,370.35,370.9,366.5,369.3,3972114.0
2018-02-21,TATAMOTORS,372.5,372.5,362.85,364.45,8640166.0
2018-02-22,TATAMOTORS,363.0,363.0,357.5,358.5,10870704.0
2018-02-23,TATAMOTORS,360.1,364.6,358.75,360.2,6751064.0
2018-02-26,TATAMOTORS,362.0,373.5,362.0,372.05,10576794.0
2018-02-27,TATAMOTORS,375.0,376.6,370.35,372.55,6156672.0
2018-02-28,TATAMOTORS,370.0,373.65,367.15,369.9,8009429.0
2018-03-01,TATAMOTORS,369.75,376.3,369.05,370.75,6991806.0
2018-03-05,TATAMOTORS,368.75,368.75,350.1,352.05,14665325.0
2018-03-06,TATAMOTORS,355.15,357.95,345.0,346.5,8876632.0
2018-03-07,TATAMOTORS,345.0,355.3,343.25,347.8,15599393.0
2018-03-08,TATAMOTORS,350.8,351.9,341.05,345.15,7674221.0
2018-03-09,TATAMOTORS,345.55,348.7,340.15,341.5,5519224.0
2018-03-12,TATAMOTORS,345.0,353.8,340.35,352.6,8238960.0
2018-03-13,TATAMOTORS,352.6,356.45,350.0,353.15,6184241.0
2018-03-14,TATAMOTORS,351.0,354.9,349.6,354.05,3820313.0
2018-03-15,TATAMOTORS,354.05,358.4,351.1,353.1,4331145.0
2018-03-16,TATAMOTORS,352.05,352.6,338.4,339.75,14205582.0
2018-03-19,TATAMOTORS,341.2,342.1,332.55,335.7,9391347.0
2018-03-20,TATAMOTORS,335.5,340.4,333.55,338.8,5080453.0
2018-03-21,TATAMOTORS,339.9,342.25,332.25,333.85,6812442.0
2018-03-22,TATAMOTORS,338.5,340.25,334.8,338.2,9255091.0
2018-03-23,TATAMOTORS,330.0,334.8,329.6,330.85,8578297.0
2018-03-26,TATAMOTORS,328.8,333.9,324.3,332.35,8907023.0
2018-03-27,TATAMOTORS,333.95,335.8,330.1,331.15,6822448.0
2018-03-28,TATAMOTORS,331.5,333.65,325.2,326.85,10975624.0
2018-04-02,TATAMOTORS,335.0,340.8,332.7,339.15,9874486.0
2018-04-03,TATAMOTORS,338.4,344.5,337.15,343.1,6989584.0
2018-04-04,TATAMOTORS,346.8,363.7,346.25,355.6,27157199.0
2018-04-05,TATAMOTORS,362.6,372.35,359.8,362.2,28886070.0
2018-04-06,TATAMOTORS,362.0,368.35,356.45,364.1,13297051.0
2018-04-09,TATAMOTORS,361.9,368.6,357.0,358.3,9555113.0
2018-04-10,TATAMOTORS,360.5,362.35,351.5,353.25,8201215.0
2018-04-11,TATAMOTORS,355.0,357.15,350.5,355.8,5622957.0
2018-04-12,TATAMOTORS,358.0,364.4,357.0,358.4,13145938.0
2018-04-13,TATAMOTORS,357.9,361.0,354.4,357.05,5935628.0
2018-04-16,TATAMOTORS,350.8,352.8,337.55,339.15,19157051.0
2018-04-17,TATAMOTORS,342.3,344.2,332.6,336.45,14241074.0
2018-04-18,TATAMOTORS,338.2,339.75,333.4,334.8,6699271.0
2018-04-19,TATAMOTORS,336.5,337.0,332.5,334.25,7087115.0
2018-04-20,TATAMOTORS,335.95,343.25,334.6,336.0,11908652.0
2018-04-23,TATAMOTORS,335.95,339.5,333.0,334.05,8056732.0
2018-04-24,TATAMOTORS,334.8,335.0,330.6,331.55,9210931.0
2018-04-25,TATAMOTORS,330.8,334.0,327.75,328.6,6306039.0
2018-04-26,TATAMOTORS,329.9,335.95,326.0,330.25,16647689.0
2018-04-27,TATAMOTORS,333.0,337.65,331.05,336.9,8804236.0
2018-04-30,TATAMOTORS,338.5,342.75,337.25,340.4,5937740.0
2018-05-02,TATAMOTORS,349.2,351.65,335.0,336.05,16022148.0
2018-05-03,TATAMOTORS,335.5,335.9,329.15,333.5,6870513.0
2018-05-04,TATAMOTORS,333.75,337.3,329.5,334.4,6660062.0
2018-05-07,TATAMOTORS,337.85,337.85,333.7,335.15,3888627.0
2018-05-08,TATAMOTORS,336.3,336.6,330.25,332.15,8114997.0
2018-05-09,TATAMOTORS,331.0,347.25,331.0,341.95,19019847.0
2018-05-10,TATAMOTORS,343.75,343.75,332.75,333.6,11158000.0
2018-05-11,TATAMOTORS,334.0,334.0,330.0,330.8,7365579.0
2018-05-14,TATAMOTORS,333.0,333.0,323.0,323.6,8312976.0
2018-05-15,TATAMOTORS,324.0,324.05,305.7,310.1,15323964.0
2018-05-16,TATAMOTORS,309.95,315.75,306.7,310.25,12051269.0
2018-05-17,TATAMOTORS,313.1,319.5,309.3,314.9,10214660.0
2018-05-18,TATAMOTORS,314.75,315.0,303.5,304.6,11688577.0
2018-05-21,TATAMOTORS,304.75,307.2,294.7,295.9,11549490.0
2018-05-22,TATAMOTORS,296.55,312.5,296.55,307.7,17199292.0
2018-05-23,TATAMOTORS,311.1,317.25,305.4,309.45,17698475.0
2018-05-24,TATAMOTORS,300.0,307.65,284.1,288.65,46104103.0
2018-05-25,TATAMOTORS,290.4,297.45,286.25,294.15,19240172.0
2018-05-28,TATAMOTORS,293.75,299.9,290.3,296.3,8516862.0
2018-05-29,TATAMOTORS,296.8,300.0,293.0,294.65,9816561.0
2018-05-30,TATAMOTORS,289.95,292.25,286.15,288.9,11649429.0
2018-05-31,TATAMOTORS,289.95,290.85,281.6,282.5,28771987.0
2018-06-01,TATAMOTORS,284.5,290.35,283.05,287.2,15840810.0
2018-06-04,TATAMOTORS,292.5,293.85,286.0,286.65,10835487.0
2018-06-05,TATAMOTORS,286.65,288.25,283.6,284.95,7456195.0
2018-06-06,TATAMOTORS,286.85,296.9,285.25,295.65,19754001.0
2018-06-07,TATAMOTORS,296.3,306.9,295.25,305.4,22839023.0
2018-06-08,TATAMOTORS,305.7,315.55,302.4,309.95,27249374.0
2018-06-11,TATAMOTORS,310.9,313.9,306.65,309.75,14650133.0
2018-06-12,TATAMOTORS,310.95,313.65,307.2,307.8,7932388.0
2018-06-13,TATAMOTORS,309.2,311.25,307.0,308.4,7280886.0
2018-06-14,TATAMOTORS,308.5,309.6,303.8,305.9,6532693.0
2018-06-15,TATAMOTORS,305.75,307.65,300.55,302.95,8224497.0
2018-06-18,TATAMOTORS,302.9,311.0,302.1,308.8,8787098.0
2018-06-19,TATAMOTORS,309.6,312.8,303.3,305.05,10498362.0
2018-06-20,TATAMOTORS,304.9,308.25,304.05,305.6,6607472.0
2018-06-21,TATAMOTORS,307.9,308.5,305.5,307.0,5085379.0
2018-06-22,TATAMOTORS,306.85,308.9,303.2,308.0,6033095.0
2018-06-25,TATAMOTORS,306.3,306.3,287.6,289.4,16392183.0
2018-06-26,TATAMOTORS,288.4,288.4,275.1,276.85,30728620.0
2018-06-27,TATAMOTORS,278.5,279.5,270.0,271.05,19077416.0
2018-06-28,TATAMOTORS,272.0,272.65,261.85,263.35,19507165.0
2018-06-29,TATAMOTORS,265.45,270.5,262.65,269.3,14765516.0
2018-07-02,TATAMOTORS,276.0,276.05,265.6,266.7,16495647.0
2018-07-03,TATAMOTORS,269.5,271.5,267.2,269.45,11484332.0
2018-07-04,TATAMOTORS,270.0,271.5,265.65,267.05,7394858.0
2018-07-05,TATAMOTORS,263.5,263.75,252.55,261.55,20820454.0
2018-07-06,TATAMOTORS,262.0,272.5,261.85,270.85,19215897.0
2018-07-09,TATAMOTORS,274.6,277.0,272.05,273.5,9387556.0
2018-07-10,TATAMOTORS,274.9,276.9,272.9,275.45,6351033.0
2018-07-11,TATAMOTORS,276.4,276.4,267.1,267.8,7356582.0
2018-07-12,TATAMOTORS,269.6,272.0,265.5,266.1,8573517.0
2018-07-13,TATAMOTORS,267.3,269.4,262.7,263.6,8352827.0
2018-07-16,TATAMOTORS,260.5,260.8,250.5,252.1,11067012.0
2018-07-17,TATAMOTORS,253.0,259.0,252.3,257.95,6350966.0
2018-07-18,TATAMOTORS,259.45,259.45,247.3,251.85,9348644.0
2018-07-19,TATAMOTORS,254.0,257.85,251.2,252.5,9556686.0
2018-07-20,TATAMOTORS,252.7,254.0,251.0,253.4,6422014.0
2018-07-23,TATAMOTORS,254.95,259.5,251.1,258.75,8891743.0
2018-07-24,TATAMOTORS,258.75,263.75,257.1,258.8,9906160.0
2018-07-25,TATAMOTORS,260.0,261.7,256.1,257.85,6721386.0
2018-07-26,TATAMOTORS,260.1,263.0,257.5,258.25,8817721.0
2018-07-27,TATAMOTORS,259.1,269.7,258.55,268.15,15275469.0
2018-07-30,TATAMOTORS,267.75,271.65,266.2,267.5,7801098.0
2018-07-31,TATAMOTORS,268.95,270.45,262.2,264.1,10026055.0
2018-08-01,TATAMOTORS,250.0,268.0,250.0,265.05,53282545.0
2018-08-02,TATAMOTORS,263.45,266.45,258.7,260.85,17421472.0
2018-08-03,TATAMOTORS,262.15,263.85,257.6,258.45,9044248.0
2018-08-06,TATAMOTORS,259.95,261.8,252.5,254.05,11371744.0
2018-08-07,TATAMOTORS,255.2,256.0,250.55,251.6,14490829.0
2018-08-08,TATAMOTORS,253.5,258.25,251.85,255.15,16125867.0
2018-08-09,TATAMOTORS,256.65,260.4,255.5,257.85,7777719.0
2018-08-10,TATAMOTORS,257.25,258.65,249.55,250.1,14606037.0
2018-08-13,TATAMOTORS,249.25,249.7,243.1,248.7,13877900.0
2018-08-14,TATAMOTORS,248.6,249.85,247.2,248.8,9171033.0
2018-08-16,TATAMOTORS,245.8,252.8,245.25,251.3,14148347.0
2018-08-17,TATAMOTORS,253.7,260.1,253.0,258.25,16117660.0
2018-08-20,TATAMOTORS,261.85,271.85,259.2,270.1,25576718.0
2018-08-21,TATAMOTORS,271.85,274.7,266.7,268.8,19505584.0
2018-08-23,TATAMOTORS,269.2,269.2,256.0,256.9,18667622.0
2018-08-24,TATAMOTORS,257.0,258.65,255.0,255.5,8703468.0
2018-08-27,TATAMOTORS,257.0,259.5,256.5,258.8,6127707.0
2018-08-28,TATAMOTORS,261.7,263.25,259.05,260.0,8506857.0
2018-08-29,TATAMOTORS,261.05,263.5,261.0,261.7,5117552.0
2018-08-30,TATAMOTORS,262.3,263.0,259.0,259.35,6333570.0
2018-08-31,TATAMOTORS,259.1,268.25,258.1,267.5,12360078.0
2018-09-03,TATAMOTORS,271.4,273.0,265.25,266.6,14597832.0
2018-09-04,TATAMOTORS,270.5,270.8,260.35,261.95,14775900.0
2018-09-05,TATAMOTORS,261.0,271.0,255.4,266.5,10084307.0
2018-09-06,TATAMOTORS,269.7,272.0,263.85,269.95,14736214.0
2018-09-07,TATAMOTORS,269.55,279.9,269.25,277.4,26189156.0
2018-09-10,TATAMOTORS,276.0,282.0,271.75,275.7,21322969.0
2018-09-11,TATAMOTORS,277.25,278.85,265.7,267.3,13444031.0
2018-09-12,TATAMOTORS,268.2,268.2,258.85,262.4,14456273.0
2018-09-14,TATAMOTORS,265.0,269.6,263.4,266.6,10710620.0
2018-09-17,TATAMOTORS,263.35,264.1,259.65,260.25,9461420.0
2018-09-18,TATAMOTORS,257.75,259.8,250.6,251.5,11554420.0
2018-09-19,TATAMOTORS,253.55,255.0,251.0,252.6,7845650.0
2018-09-21,TATAMOTORS,255.05,257.7,228.85,250.35,18547453.0
2018-09-24,TATAMOTORS,250.2,251.0,239.35,240.2,8889259.0
2018-09-25,TATAMOTORS,241.0,243.5,235.45,240.8,9030367.0
2018-09-26,TATAMOTORS,242.3,243.2,229.55,233.35,17810869.0
2018-09-27,TATAMOTORS,234.8,236.55,223.1,225.25,17430781.0
2018-09-28,TATAMOTORS,227.9,230.7,219.5,223.7,14196824.0
2018-10-01,TATAMOTORS,225.0,230.45,220.0,229.35,9743094.0
2018-10-03,TATAMOTORS,230.0,232.8,225.8,227.6,9094685.0
2018-10-04,TATAMOTORS,224.0,230.8,221.75,223.25,13898979.0
2018-10-05,TATAMOTORS,222.75,226.45,214.75,216.25,10471026.0
2018-10-08,TATAMOTORS,217.8,218.5,208.1,212.35,11854170.0
2018-10-09,TATAMOTORS,205.7,206.0,170.3,184.35,142760251.0
2018-10-10,TATAMOTORS,186.0,190.95,185.05,188.75,35670907.0
2018-10-11,TATAMOTORS,180.65,187.75,178.0,182.95,19323517.0
2018-10-12,TATAMOTORS,185.95,188.4,182.6,183.75,18014894.0
2018-10-15,TATAMOTORS,186.5,186.5,182.7,184.35,11658409.0
2018-10-16,TATAMOTORS,185.2,187.25,184.55,185.85,9695745.0
2018-10-17,TATAMOTORS,187.6,187.8,179.1,179.95,12004524.0
2018-10-19,TATAMOTORS,178.95,179.75,174.0,174.7,10469358.0
2018-10-22,TATAMOTORS,176.4,176.85,170.05,170.75,11721075.0
2018-10-23,TATAMOTORS,170.0,175.7,169.55,170.65,15588511.0
2018-10-24,TATAMOTORS,173.9,175.0,169.0,170.65,15421903.0
2018-10-25,TATAMOTORS,168.95,169.75,164.6,165.35,14877057.0
2018-10-26,TATAMOTORS,166.0,172.8,165.9,168.5,19584723.0
2018-10-29,TATAMOTORS,169.95,176.5,167.7,175.35,14171750.0
2018-10-30,TATAMOTORS,177.0,181.5,176.05,177.25,15602414.0
2018-10-31,TATAMOTORS,178.3,180.0,173.45,179.1,12579712.0
2018-11-01,TATAMOTORS,182.0,186.05,178.2,179.45,28947802.0
2018-11-02,TATAMOTORS,180.95,191.85,180.9,190.3,29425248.0
2018-11-05,TATAMOTORS,191.3,191.3,186.65,189.8,14818506.0
2018-11-06,TATAMOTORS,192.45,199.95,191.75,193.25,35339222.0
2018-11-07,TATAMOTORS,194.95,195.75,193.35,194.85,3932893.0
2018-11-09,TATAMOTORS,192.9,200.75,192.0,195.25,22341961.0
2018-11-12,TATAMOTORS,194.45,194.45,185.2,186.05,20789180.0
2018-11-13,TATAMOTORS,180.75,183.0,178.35,179.5,22189598.0
2018-11-14,TATAMOTORS,180.5,183.0,176.25,176.8,15795883.0
2018-11-15,TATAMOTORS,178.0,182.7,177.5,180.2,18740276.0
2018-11-16,TATAMOTORS,180.9,181.85,177.85,179.9,10022823.0
2018-11-19,TATAMOTORS,180.6,185.5,179.1,184.6,14522581.0
2018-11-20,TATAMOTORS,184.05,188.3,183.2,183.75,13114982.0
2018-11-21,TATAMOTORS,184.4,186.75,183.75,184.15,8097107.0
2018-11-22,TATAMOTORS,185.5,186.15,181.75,182.55,9135857.0
2018-11-26,TATAMOTORS,183.9,184.45,177.0,181.75,9865426.0
2018-11-27,TATAMOTORS,181.7,184.55,178.55,180.05,11639680.0
2018-11-28,TATAMOTORS,181.0,181.35,174.0,174.45,12504717.0
2018-11-29,TATAMOTORS,175.95,179.35,173.45,177.25,20892744.0
2018-11-30,TATAMOTORS,172.0,174.9,170.35,171.95,18393012.0
2018-12-03,TATAMOTORS,173.25,176.45,170.0,175.45,14068885.0
2018-12-04,TATAMOTORS,177.95,178.75,175.3,175.75,11481923.0
2018-12-05,TATAMOTORS,173.0,173.0,168.6,169.2,14960527.0
2018-12-06,TATAMOTORS,168.5,168.7,161.6,162.65,15428019.0
2018-12-07,TATAMOTORS,162.25,164.2,160.8,162.4,13545006.0
2018-12-10,TATAMOTORS,159.9,160.5,156.5,157.1,13520495.0
2018-12-11,TATAMOTORS,155.0,159.5,154.65,158.1,12094881.0
2018-12-12,TATAMOTORS,159.5,167.1,158.0,164.1,22461175.0
